SALE TYPE,SOLD DATE,PROPERTY TYPE,ADDRESS,CITY,STATE OR PROVINCE,ZIP OR POSTAL CODE,PRICE,BEDS,BATHS,LOCATION,SQUARE FEET,LOT SIZE,YEAR BUILT,DAYS ON MARKET,$/SQUARE FEET,HOA/MONTH,STATUS,NEXT OPEN HOUSE START TIME,NEXT OPEN HOUSE END TIME,URL (SEE http://www.redfin.com/buy-a-home/comparative-market-analysis FOR INFO ON PRICING),SOURCE,MLS#,FAVORITE,INTERESTED,LATITUDE,LONGITUDE
MLS Listing,,Condo/Co-op,2000 Linwood Ave Unit 16R,Fort Lee,NJ,07024,378000,2,2.0,Fort Lee,,,,50,,,Active,,,http://www.redfin.com/NJ/Fort-Lee/2000-Linwood-Ave-07024/unit-16R/home/144018332,NJMLS,20027785,N,Y,40.8539851,-73.9739119
MLS Listing,,Condo/Co-op,2185 Lemoine Ave Unit 7P,Fort Lee,NJ,07024,125000,1,1.0,Fort Lee,1135,,,1,110,,Active,,,http://www.redfin.com/NJ/Fort-Lee/2185-Lemoine-Ave-07024/unit-7P/home/59914879,NJMLS,20036801,N,Y,40.8574358,-73.966749
MLS Listing,,Condo/Co-op,1600 Center Ave Unit PHE,Fort Lee,NJ,07024,659000,3,2.5,Fort Lee,2042,,,1,323,,Active,,,http://www.redfin.com/NJ/Fort-Lee/1600-Center-Ave-07024/unit-PHE/home/35662304,NJMLS,20036800,N,Y,40.8502363,-73.9738535
MLS Listing,,Condo/Co-op,100 Old Palisade Rd #1811,Fort Lee,NJ,07024,364900,2,2.0,Fort Lee,1326,,,1,275,,Active,,,http://www.redfin.com/NJ/Fort-Lee/100-Old-Palisade-Rd-07024/unit-1811/home/35667777,NJMLS,20036761,N,Y,40.8480006,-73.9656335
MLS Listing,,Single Family Residential,1628 William St,Fort Lee,NJ,07024,1119000,5,3.5,Fort Lee,,5000,,1,,,Active,,,http://www.redfin.com/NJ/Fort-Lee/1628-William-St-07024/home/35737162,NJMLS,20036735,N,Y,40.8535314,-73.9762765
MLS Listing,,Townhouse,17 Victoria Pl #17,Fort Lee,NJ,07024,2100000,4,3.5,Fort Lee,,,,1,,,Active,,,http://www.redfin.com/NJ/Fort-Lee/17-Victoria-Pl-E-07024/unit-17/home/173048791,NJMLS,20036607,N,Y,40.8287158,-73.9767562
MLS Listing,,Condo/Co-op,900 Palisade Ave Ph 2401,Fort Lee,NJ,07024,1125000,2,2.5,Fort Lee,2400,,,1,469,,Active,,,http://www.redfin.com/NJ/Fort-Lee/900-Palisade-Ave-07024/unit-2401/home/35734302,NJMLS,20036588,N,Y,40.8301762,-73.9788374
MLS Listing,,Townhouse,2046 Hoefleys Ln Unit C,Fort Lee,NJ,07024,839000,3,3.0,Fort Lee,,,,1,,,Active,September-5-2020 09:30 AM,September-5-2020 11:00 AM,http://www.redfin.com/NJ/Fort-Lee/2046-Hoefleys-LN-07024/unit-C/home/171794184,NJMLS,20036575,N,Y,40.8562383,-73.9653715
MLS Listing,,Condo/Co-op,100 Old Palisade Rd Ph 5,Fort Lee,NJ,07024,699900,2,2.5,Fort Lee,1824,,,2,384,,Active,,,http://www.redfin.com/NJ/Fort-Lee/100-Old-Palisade-Rd-07024/unit-5/home/164395538,NJMLS,20036508,N,Y,40.8476488,-73.966198
MLS Listing,,Condo/Co-op,100 OLD PALISADE RD 4105,Fort Lee Boro,NJ,07024-7001,699900,2,2.5,Fort Lee Boro,18,,2000,2,38883,1410,Active,,,http://www.redfin.com/NJ/Fort-Lee/100-Old-Palisade-Rd-07024/unit-4105/home/35667751,GSMLS,3661127,N,Y,40.8481088,-73.9656707
MLS Listing,,Condo/Co-op,1450 Palisade Ave Unit GTH,Fort Lee,NJ,07024,274999,1,1.0,Fort Lee,856,,,2,321,,Active,,,http://www.redfin.com/NJ/Fort-Lee/1450-Palisade-Ave-07024/unit-GTH/home/35661957,NJMLS,20036500,N,Y,40.8444031,-73.9720113
MLS Listing,,Condo/Co-op,1530 Palisade Ave Unit 21K,Fort Lee,NJ,07024,324800,1,1.5,Fort Lee,,,,2,,,Active,,,http://www.redfin.com/NJ/Fort-Lee/1530-Palisade-Ave-07024/unit-21K/home/59914350,NJMLS,20036489,N,Y,40.8469437,-73.9688571
MLS Listing,,Single Family Residential,203 Bluff Rd,Fort Lee,NJ,07024,1519000,5,4.5,Fort Lee,,8120,,2,,,Active,,,http://www.redfin.com/NJ/Fort-Lee/203-Bluff-Rd-07024/home/105706126,NJMLS,20036475,N,Y,40.8329179,-73.9790054
MLS Listing,,Townhouse,2416 Rossett St,Fort Lee,NJ,07024,679000,3,3.5,Fort Lee,2009,,,2,338,,Active,September-6-2020 01:00 PM,September-6-2020 03:00 PM,http://www.redfin.com/NJ/Fort-Lee/2416-Rossett-St-07024/home/56543461,NJMLS,20036434,N,Y,40.8670096,-73.9681002
MLS Listing,,Townhouse,1612 Gerome Ave,Fort Lee,NJ,07024,979000,3,3.0,Fort Lee,,,,3,,,Active,,,http://www.redfin.com/NJ/Fort-Lee/1612-Gerome-Ave-07024/home/173024656,NJMLS,20036294,N,Y,40.8506592,-73.9714027
MLS Listing,,Townhouse,1610 Gerome Ave,Fort Lee,NJ,07024,989000,3,3.0,Fort Lee,,,,3,,,Active,,,http://www.redfin.com/NJ/Fort-Lee/1610-Gerome-Ave-07024/home/35737827,NJMLS,20036292,N,Y,40.8506181,-73.9715013
MLS Listing,,Condo/Co-op,100 Old Palisade Rd #2416,Fort Lee,NJ,07024,295000,1,1.0,Fort Lee,772,,,3,382,,Active,,,http://www.redfin.com/NJ/Fort-Lee/100-Old-Palisade-Rd-07024/unit-2416/home/35667996,NJMLS,20036286,N,Y,40.8481406,-73.9662274
MLS Listing,,Condo/Co-op,6 Horizon Rd #210,Fort Lee,NJ,07024,195000,2,2.0,Fort Lee,1383,,,3,141,,Active,,,http://www.redfin.com/NJ/Fort-Lee/6-Horizon-Rd-07024/unit-210/home/173020026,NJMLS,20036194,N,Y,40.8407802,-73.9731773
MLS Listing,,Condo/Co-op,1600 Parker Ave Unit 24A,Fort Lee,NJ,07024,298000,1,1.5,Fort Lee,1299,,,3,229,,Active,,,http://www.redfin.com/NJ/Fort-Lee/1600-Parker-Ave-07024/unit-24A/home/69357745,NJMLS,20036168,N,Y,40.8478531,-73.9684479
MLS Listing,,Townhouse,2466 Hammett Ave,Fort Lee,NJ,07024,639000,2,3.0,Fort Lee,,,,3,,,Active,,,http://www.redfin.com/NJ/Fort-Lee/2466-Hammett-Ave-07024/home/35739559,NJMLS,20036126,N,Y,40.866895,-73.964241
MLS Listing,,Condo/Co-op,1512 Palisade Ave Unit 5A,Fort Lee,NJ,07024,495000,2,2.0,Fort Lee,1481,,,3,334,,Active,,,http://www.redfin.com/NJ/Fort-Lee/1512-Palisade-Ave-07024/unit-5A/home/35736268,NJMLS,20036120,N,Y,40.8457311,-73.970055
MLS Listing,,Condo/Co-op,1530 Palisade Ave Unit 2G,Fort Lee,NJ,07024,295000,1,1.5,Fort Lee,,,,3,,,Active,,,http://www.redfin.com/NJ/Fort-Lee/1530-Palisade-Ave-07024/unit-2G/home/173017199,NJMLS,20036116,N,Y,40.8467696,-73.9692285
MLS Listing,,Condo/Co-op,5 Horizon Rd Unit 2806.,Fort Lee,NJ,07024,118000,1,1.0,Fort Lee,1062,,,3,111,,Active,,,http://www.redfin.com/NJ/Fort-Lee/5-Horizon-Rd-07024/unit-2806/home/171199619,NJMLS,20036111,N,Y,40.8398874,-73.9731314
MLS Listing,,Condo/Co-op,1265 15th St Unit 3J,Fort Lee,NJ,07024,359000,1,1.5,Fort Lee,1277,,,4,281,,Active,September-6-2020 01:00 PM,September-6-2020 04:00 PM,http://www.redfin.com/NJ/Fort-Lee/1265-15th-St-07024/unit-3J/home/35735070,NJMLS,20036088,N,Y,40.8431472,-73.9835998
MLS Listing,,Condo/Co-op,5 Horizon Rd #1101,Fort Lee,NJ,07024,340000,3,2.5,Fort Lee,,,,4,,,Active,,,http://www.redfin.com/NJ/Fort-Lee/5-Horizon-Rd-07024/unit-1101/home/173007070,NJMLS,20036081,N,Y,40.8398874,-73.9731314
MLS Listing,,Single Family Residential,40 State Rt 5,Fort Lee,NJ,07024,1155000,6,5.0,Fort Lee,,10372,,4,,,Active,,,http://www.redfin.com/NJ/Fort-Lee/40-NJ-5-07024/home/35901204,NJMLS,20035984,N,Y,40.828821,-73.9783299
MLS Listing,,Condo/Co-op,2100 Linwood Ave Unit 4N,Fort Lee,NJ,07024,124950,1,1.0,Fort Lee,,,,4,,,Active,,,http://www.redfin.com/NJ/Fort-Lee/2100-Linwood-Ave-07024/unit-4N/home/172995850,NJMLS,20035970,N,Y,40.8551704,-73.972764
MLS Listing,,Condo/Co-op,1530 Palisade Ave Unit 1M,Fort Lee,NJ,07024,185000,1,1.5,Fort Lee,,,,5,,,Active,,,http://www.redfin.com/NJ/Fort-Lee/1530-Palisade-Ave-07024/unit-1M/home/105541123,NJMLS,20035878,N,Y,40.8469437,-73.9688571
MLS Listing,,Single Family Residential,533 Bluff Rd,Fort Lee,NJ,07024,599900,3,2.5,Fort Lee,,5998,,6,,,Active,September-6-2020 01:00 PM,September-6-2020 04:00 PM,http://www.redfin.com/NJ/Fort-Lee/533-Bluff-Rd-07024/home/35733420,NJMLS,20035829,N,Y,40.8371837,-73.989775
MLS Listing,,Condo/Co-op,1500 Palisade Ave Unit 22C,Fort Lee,NJ,07024,648000,2,2.5,Fort Lee,1850,,,7,350,,Active,,,http://www.redfin.com/NJ/Fort-Lee/1500-Palisade-Ave-07024/unit-22C/home/172983974,NJMLS,20035754,N,Y,40.8449251,-73.9714325
MLS Listing,,Condo/Co-op,555 North Ave Unit 8G,Fort Lee,NJ,07024,158500,1,1.0,Fort Lee,,,,7,,,Active,,,http://www.redfin.com/NJ/Fort-Lee/555-North-Ave-07024/unit-8G/home/172981726,NJMLS,20035691,N,Y,40.8539526,-73.9823601
MLS Listing,,Single Family Residential,59 Virginia Ave,Fort Lee,NJ,07024,658000,4,3.5,Fort Lee,,5001,,7,,,Active,,,http://www.redfin.com/NJ/Fort-Lee/59-Virginia-Ave-07024/home/35735280,NJMLS,20035656,N,Y,40.837707,-73.9756886
MLS Listing,,Condo/Co-op,4 Horizon Rd #1216,Fort Lee,NJ,07024,105000,1,1.0,Fort Lee,,,,7,,,Active,,,http://www.redfin.com/NJ/Fort-Lee/4-Horizon-Rd-07024/unit-1216/home/172980116,NJMLS,20035655,N,Y,40.8429285,-73.9717539
MLS Listing,,Condo/Co-op,224D Washington Ave Unit 224D,Fort Lee,NJ,07024,388000,2,2.0,Fort Lee,892,,,7,435,,Active,,,http://www.redfin.com/NJ/Fort-Lee/224D-Washington-Ave-07024/unit-224D/home/172979194,NJMLS,20035623,N,Y,40.8646638,-73.9630317
MLS Listing,,Condo/Co-op,100 Old Palisade Rd #3210,Fort Lee,NJ,07024,568888,2,2.5,Fort Lee,1452,,,8,392,,Active,,,http://www.redfin.com/NJ/Fort-Lee/100-Old-Palisade-Rd-07024/unit-3210/home/35667626,NJMLS,20035461,N,Y,40.8481829,-73.9656209
MLS Listing,,Townhouse,1531 13th St,Fort Lee,NJ,07024,825000,3,3.0,Fort Lee,2133,,,8,387,,Active,,,http://www.redfin.com/NJ/Fort-Lee/1531-13th-St-07024/home/52351889,NJMLS,20035443,N,Y,40.8504416,-73.9786641
MLS Listing,,Townhouse,255 Village Circle Dr,Fort Lee,NJ,07024,469000,2,2.5,Fort Lee,1364,,,9,344,,Active,,,http://www.redfin.com/NJ/Fort-Lee/255-Village-Cir-Dr-07024/unit-2202/home/35735650,NJMLS,20035400,N,Y,40.8529164,-73.9835042
MLS Listing,,Condo/Co-op,1600 Parker Ave Unit 9B,Fort Lee,NJ,07024,330000,2,2.0,Fort Lee,1558,,,10,212,,Active,,,http://www.redfin.com/NJ/Fort-Lee/1600-Parker-Ave-07024/unit-9B/home/172938268,NJMLS,20035164,N,Y,40.8478531,-73.9684479
MLS Listing,,Condo/Co-op,2100 Linwood Ave Unit 21M,Fort Lee,NJ,07024,239900,2,2.0,Fort Lee,,,,10,,,Active,,,http://www.redfin.com/NJ/Fort-Lee/2100-Linwood-Ave-07024/unit-21M/home/59915225,NJMLS,20035158,N,Y,40.8551704,-73.972764
MLS Listing,,Condo/Co-op,6 Horizon Rd #1807,Fort Lee,NJ,07024,156500,1,1.5,Fort Lee,,,,10,,,Active,,,http://www.redfin.com/NJ/Fort-Lee/6-Horizon-Rd-07024/unit-1807/home/172931009,NJMLS,20035110,N,Y,40.8407802,-73.9731773
MLS Listing,,Condo/Co-op,100 Old Palisade Rd #3301,Fort Lee,NJ,07024,349000,1,1.0,Fort Lee,870,,,10,401,,Active,,,http://www.redfin.com/NJ/Fort-Lee/100-Old-Palisade-Rd-07024/unit-3301/home/35667633,NJMLS,20035075,N,Y,40.8481198,-73.9655671
MLS Listing,,Condo/Co-op,5 Horizon Rd Unit 1407/5,Fort Lee,NJ,07024,555000,3,2.5,Fort Lee,2300,,,10,241,,Active,,,http://www.redfin.com/NJ/Fort-Lee/5-Horizon-Rd-07024/unit-14075/home/62340659,NJMLS,20035062,N,Y,40.8398874,-73.9731314
MLS Listing,,Condo/Co-op,2000 Linwood Ave Unit 19F,Fort Lee,NJ,07024,299999,1,1.0,Fort Lee,,,,10,,,Active,,,http://www.redfin.com/NJ/Fort-Lee/2000-Linwood-Ave-07024/unit-19F/home/144018364,NJMLS,20035016,N,Y,40.8539851,-73.9739119
MLS Listing,,Condo/Co-op,100 Old Palisade Rd #3216,Fort Lee,NJ,07024,335000,1,1.0,Fort Lee,,,,10,,,Active,,,http://www.redfin.com/NJ/Fort-Lee/100-Old-Palisade-Rd-07024/unit-3216/home/35667624,NJMLS,20035015,N,Y,40.8481298,-73.9656285
MLS Listing,,Condo/Co-op,100 Old Palisade Rd #2711,Fort Lee,NJ,07024,459000,2,2.0,Fort Lee,,,,11,,,Active,,,http://www.redfin.com/NJ/Fort-Lee/100-Old-Palisade-Rd-07024/unit-2711/home/35667927,NJMLS,20034951,N,Y,40.8480473,-73.9658324
MLS Listing,,Condo/Co-op,1600 Parker Ave Unit 31H,Fort Lee,NJ,07024,325000,2,2.0,Fort Lee,,,,11,,,Active,,,http://www.redfin.com/NJ/Fort-Lee/1600-Parker-Ave-07024/unit-31H/home/170603516,NJMLS,20034948,N,Y,40.8478531,-73.9684479
MLS Listing,,Condo/Co-op,1 Horizon Rd #621,Fort Lee,NJ,07024,68000,1,1.0,Fort Lee,843,,,11,81,,Active,,,http://www.redfin.com/NJ/Fort-Lee/1-Horizon-Rd-07024/unit-621/home/172909363,NJMLS,20034893,N,Y,40.8379618,-73.9736823
MLS Listing,,Condo/Co-op,216 C Washington Ave,Fort Lee,NJ,07024,425000,2,2.0,Fort Lee,1228,,,11,346,,Active,,,http://www.redfin.com/NJ/Fort-Lee/216C-Washington-Ave-07024/home/35739117,NJMLS,20034886,N,Y,40.8645264,-73.9628004
MLS Listing,,Condo/Co-op,420 Fairview Ave Unit 1G,Fort Lee,NJ,07024,145000,1,1.0,Fort Lee,,,,11,,,Active,,,http://www.redfin.com/NJ/Fort-Lee/420-Fairview-Ave-07024/unit-1G/home/172392252,NJMLS,20034882,N,Y,40.8637984,-73.9691567
MLS Listing,,Single Family Residential,1078 Edgewood Ln,Fort Lee,NJ,07024,738000,3,3.0,Fort Lee,,5702,,12,,,Active,,,http://www.redfin.com/NJ/Fort-Lee/1078-Edgewood-Ln-07024/home/35733670,NJMLS,20034754,N,Y,40.8352987,-73.9821995
MLS Listing,,Condo/Co-op,218B Washington Ave Unit 218 B,Fort Lee,NJ,07024,429000,2,2.0,Fort Lee,968,,,13,443,,Active,,,http://www.redfin.com/NJ/Fort-Lee/218B-Washington-Ave-07024/unit-218-B/home/172870096,NJMLS,20034742,N,Y,40.8645607,-73.9628582
MLS Listing,,Condo/Co-op,411 Park Pl Unit 5J,Fort Lee,NJ,07024,132000,0,1.0,Fort Lee,,,,14,,,Active,,,http://www.redfin.com/NJ/Fort-Lee/411-Park-Pl-07024/unit-5J/home/172848351,NJMLS,20034661,N,Y,40.8626543,-73.968488
MLS Listing,,Single Family Residential,1086 Arcadian Way,Fort Lee,NJ,07024,1888888,5,5.5,Fort Lee,,13922,,14,,,Active,,,http://www.redfin.com/NJ/Fort-Lee/1086-Arcadian-Way-07024/home/35667228,NJMLS,20034633,N,Y,40.8329773,-73.9750827
MLS Listing,,Single Family Residential,1624A Federspiel St,Fort Lee,NJ,07024,659900,3,2.5,Fort Lee,,3119,,14,,,Active,,,http://www.redfin.com/NJ/Fort-Lee/1624A-Federspiel-St-07024/unit-624A/home/35901900,NJMLS,20034632,N,Y,40.8490835,-73.9664331
MLS Listing,,Single Family Residential,1624 FEDERSPIEL St,Fort Lee Boro,NJ,07024-6906,659900,3,2.5,Fort Lee Boro,3119,3049,1999,14,212,,Active,,,http://www.redfin.com/NJ/Fort-Lee/1624-Federspiel-St-07024/home/172841931,GSMLS,3658220,N,Y,40.8490307,-73.9664159
MLS Listing,,Condo/Co-op,2100 Linwood Ave Unit 12U,Fort Lee,NJ,07024,245000,2,2.0,Fort Lee,1200,,,14,204,,Active,,,http://www.redfin.com/NJ/Fort-Lee/2100-Linwood-Ave-07024/unit-12U/home/172836050,NJMLS,20034558,N,Y,40.8551704,-73.972764
MLS Listing,,Condo/Co-op,2185 Lemoine Ave Unit 4M,Fort Lee,NJ,07024,335000,4,3.0,Fort Lee,2000,,,14,168,,Active,,,http://www.redfin.com/NJ/Fort-Lee/2185-Lemoine-Ave-07024/unit-4M/home/172831764,NJMLS,20034499,N,Y,40.8574358,-73.966749
MLS Listing,,Condo/Co-op,100 Old Palisade Rd #1914,Fort Lee,NJ,07024,335000,1,1.0,Fort Lee,857,,,14,391,,Active,,,http://www.redfin.com/NJ/Fort-Lee/100-Old-Palisade-Rd-07024/unit-1914/home/35667799,NJMLS,20034495,N,Y,40.8480431,-73.9658398
MLS Listing,,Condo/Co-op,100 Old Palisade Rd #1602,Fort Lee,NJ,07024,469000,2,2.0,Fort Lee,,,,14,,,Active,,,http://www.redfin.com/NJ/Fort-Lee/100-Old-Palisade-Rd-07024/unit-1602/home/35667872,NJMLS,20034461,N,Y,40.8481496,-73.9659615
MLS Listing,,Multi-Family (2-4 Unit),419 Stillwell Ave,Fort Lee,NJ,07024,1695000,6,7.0,Fort Lee,,5830,,15,,,Active,,,http://www.redfin.com/NJ/Fort-Lee/419-Stillwell-Ave-07024/home/35736345,NJMLS,20034392,N,Y,40.8477071,-73.9792151
MLS Listing,,Townhouse,419 Stillwell Ave Unit A,Fort Lee,NJ,07024,845000,3,3.5,Fort Lee,,,,15,,,Active,,,http://www.redfin.com/NJ/Fort-Lee/419-Stillwell-Ave-07024/unit-A/home/167228181,NJMLS,20034385,N,Y,40.8477071,-73.9792151
MLS Listing,,Condo/Co-op,800 PALISADE AVE 22C,Fort Lee Boro,NJ,07024-4107,919000,3,3.5,Buckingham Tower,3386,82328,1987,15,271,2600,Active,,,http://www.redfin.com/NJ/Fort-Lee/800-Palisade-Ave-07024/unit-22C/home/35733953,GSMLS,3657886,N,Y,40.8297882,-73.9792678
MLS Listing,,Condo/Co-op,2200 N Central Rd Unit 12H,Fort Lee,NJ,07024,245000,2,2.0,Fort Lee,1550,,,15,158,,Active,,,http://www.redfin.com/NJ/Fort-Lee/2200-N-Central-Rd-07024/unit-12-H/home/79448526,NJMLS,20034316,N,Y,40.8575931,-73.9629134
MLS Listing,,Condo/Co-op,6 Horizon Rd #604,Fort Lee,NJ,07024,128000,1,1.5,Fort Lee,,,,15,,,Active,,,http://www.redfin.com/NJ/Fort-Lee/6-Horizon-Rd-07024/unit-604/home/59915057,NJMLS,20034229,N,Y,40.8407802,-73.9731773
MLS Listing,,Condo/Co-op,1241 Anderson Ave #2,Fort Lee,NJ,07024,119000,1,1.0,Fort Lee,,,,15,,,Active,,,http://www.redfin.com/NJ/Fort-Lee/1241-Anderson-Ave-07024/unit-2/home/109481494,NJMLS,20034205,N,Y,40.840384,-73.981373
MLS Listing,,Condo/Co-op,100 Old Palisade Rd #2001,Fort Lee,NJ,07024,298000,1,1.0,Fort Lee,,,,15,,,Active,,,http://www.redfin.com/NJ/Fort-Lee/100-Old-Palisade-Rd-07024/unit-2001/home/35667801,NJMLS,20034169,N,Y,40.8480159,-73.9658458
MLS Listing,,Condo/Co-op,2077 Center Ave Unit 10K,Fort Lee,NJ,07024,150000,1,1.5,Fort Lee,,,,16,,,Active,,,http://www.redfin.com/NJ/Fort-Lee/2077-Center-Ave-07024/unit-10K/home/170577263,NJMLS,20034086,N,Y,40.8545254,-73.9714784
MLS Listing,,Condo/Co-op,161 Washington Ave,Fort Lee,NJ,07024,649000,3,3.0,Fort Lee,,,,16,,,Active,,,http://www.redfin.com/NJ/Fort-Lee/161-Washington-Ave-07024/home/35739225,NJMLS,20033958,N,Y,40.8634777,-73.9605573
MLS Listing,,Condo/Co-op,100 Old Palisade Rd Unit L7,Fort Lee,NJ,07024,299500,1,1.0,Fort Lee,841,,,17,356,,Active,,,http://www.redfin.com/NJ/Fort-Lee/100-Old-Palisade-Rd-07024/unit-L7/home/35667219,NJMLS,20033946,N,Y,40.8475654,-73.9662054
MLS Listing,,Condo/Co-op,6 Horizon Rd #704,Fort Lee,NJ,07024,147500,1,1.5,Fort Lee,,,,17,,,Active,,,http://www.redfin.com/NJ/Fort-Lee/6-Horizon-Rd-07024/unit-704/home/172757000,NJMLS,20033823,N,Y,40.8407802,-73.9731773
MLS Listing,,Single Family Residential,246 Tremont Ave,Fort Lee,NJ,07024,1529000,5,3.5,Fort Lee,,5001,,17,,,Active,,,http://www.redfin.com/NJ/Fort-Lee/246-Tremont-Ave-07024/home/35735867,NJMLS,20033786,N,Y,40.8446154,-73.9750827
MLS Listing,,Townhouse,367 Lincoln Ave,Fort Lee,NJ,07024,949000,3,3.0,Fort Lee,,,,17,,,Active,,,http://www.redfin.com/NJ/Fort-Lee/367-Lincoln-Ave-07024/home/168862610,NJMLS,20033773,N,Y,40.859015,-73.967963
MLS Listing,,Condo/Co-op,1600 Center Ave Unit 09F,Fort Lee,NJ,07024,269000,1,1.5,Fort Lee,863,,,18,312,,Active,,,http://www.redfin.com/NJ/Fort-Lee/1600-Center-Ave-07024/unit-9F/home/35737849,NJMLS,20033741,N,Y,40.8500612,-73.9736823
MLS Listing,,Multi-Family (2-4 Unit),2159 Linwood Ave,Fort Lee,NJ,07024,989000,6,3.0,Fort Lee,,5001,,18,,,Active,,,http://www.redfin.com/NJ/Fort-Lee/2159-Linwood-Ave-07024/home/35737920,NJMLS,20033732,N,Y,40.8582365,-73.9707039
MLS Listing,,Condo/Co-op,2000 Linwood Ave Unit 20C,Fort Lee,NJ,07024,410000,2,2.0,Fort Lee,,,,18,,,Active,,,http://www.redfin.com/NJ/Fort-Lee/2000-Linwood-Ave-07024/unit-20C/home/144018372,NJMLS,20033638,N,Y,40.8539851,-73.9739119
MLS Listing,,Condo/Co-op,6 Horizon Rd Unit 2909.,Fort Lee,NJ,07024,338000,2,2.0,Fort Lee,1474,,,18,229,,Active,,,http://www.redfin.com/NJ/Fort-Lee/6-Horizon-Rd-07024/unit-2909/home/160566153,NJMLS,20033592,N,Y,40.8407802,-73.9731773
MLS Listing,,Single Family Residential,2074 Jones Rd,Fort Lee,NJ,07024,649000,3,2.5,Fort Lee,,12500,,18,,,Active,September-6-2020 01:00 PM,September-6-2020 03:00 PM,http://www.redfin.com/NJ/Fort-Lee/2074-Jones-Rd-07024/home/35737940,NJMLS,20033593,N,Y,40.8593779,-73.9778376
MLS Listing,,Condo/Co-op,5 Horizon Rd Unit 2903-2905,Fort Lee,NJ,07024,348000,3,2.5,Fort Lee,2000,,,18,174,,Active,,,http://www.redfin.com/NJ/Fort-Lee/5-Horizon-Rd-N-07024/unit-2903-2905/home/102276295,NJMLS,20033544,N,Y,40.8409696,-73.974327
MLS Listing,,Single Family Residential,188 Washington Ave,Fort Lee,NJ,07024,699000,3,1.5,Fort Lee,,3999,,20,,,Active,,,http://www.redfin.com/NJ/Fort-Lee/188-Washington-Ave-07024/home/35739232,NJMLS,20033380,N,Y,40.8638664,-73.961721
MLS Listing,,Condo/Co-op,3071 Edwin Ave Unit 3A,Fort Lee,NJ,07024,163000,1,1.0,Fort Lee,681,,,20,239,,Active,,,http://www.redfin.com/NJ/Fort-Lee/3071-Edwin-Ave-07024/unit-3A/home/172739752,NJMLS,20033375,N,Y,40.8642543,-73.9698996
MLS Listing,,Condo/Co-op,200 Old Palisade Rd Unit 2G,Fort Lee,NJ,07024,760000,3,2.5,Fort Lee,1950,,,21,390,,Active,,,http://www.redfin.com/NJ/Fort-Lee/200-Old-Palisade-Rd-07024/unit-2G/home/35661976,NJMLS,20033274,N,Y,40.8481849,-73.9675296
MLS Listing,,Condo/Co-op,900 Palisade Ave #2302,Fort Lee,NJ,07024,499000,1,1.5,Fort Lee,1560,,,21,320,,Active,,,http://www.redfin.com/NJ/Fort-Lee/900-Palisade-Ave-07024/unit-2302/home/35734330,NJMLS,20033257,N,Y,40.8302199,-73.9789597
MLS Listing,,Condo/Co-op,15 Henry St #2,Fort Lee,NJ,07024,488888,3,2.0,Fort Lee,,,,21,,,Active,,,http://www.redfin.com/NJ/Fort-Lee/15-Henry-St-07024/unit-2/home/35671041,NJMLS,20033254,N,Y,40.8657972,-73.9623417
MLS Listing,,Single Family Residential,1060 Briar Way,Fort Lee,NJ,07024,1375000,5,4.5,Fort Lee,,,,21,,,Active,,,http://www.redfin.com/NJ/Fort-Lee/1060-Briar-Way-07024/home/35734484,NJMLS,20033118,N,Y,40.8326507,-73.9769882
MLS Listing,,Condo/Co-op,2000 Linwood Ave Unit 6O,Fort Lee,NJ,07024,399000,2,2.0,Fort Lee,,,,22,,,Active,,,http://www.redfin.com/NJ/Fort-Lee/2000-Linwood-Ave-07024/unit-6O/home/61657313,NJMLS,20032967,N,Y,40.8539851,-73.9739119
MLS Listing,,Condo/Co-op,1512 Palisade Ave Unit 18N,Fort Lee,NJ,07024,1425000,3,3.5,Fort Lee,2200,,,22,648,,Active,,,http://www.redfin.com/NJ/Fort-Lee/1512-Palisade-Ave-07024/unit-18N/home/35736207,NJMLS,20032870,N,Y,40.8457311,-73.970055
MLS Listing,,Townhouse,100 Old Palisade Rd Unit PL12,Fort Lee,NJ,07024,799000,3,3.0,Fort Lee,2279,,,22,351,,Active,,,http://www.redfin.com/NJ/Fort-Lee/100-Old-Palisade-Rd-07024/unit-PL12/home/35667643,NJMLS,20032851,N,Y,40.8474563,-73.9670188
MLS Listing,,Single Family Residential,1002 Harvard Pl,Fort Lee,NJ,07024,769000,3,2.5,Fort Lee,,4199,,23,,,Active,,,http://www.redfin.com/NJ/Fort-Lee/1002-Harvard-Pl-07024/home/35733537,NJMLS,20032813,N,Y,40.8345235,-73.9862398
MLS Listing,,Multi-Family (2-4 Unit),407 North Ave,Fort Lee,NJ,07024,998000,7,3.0,Fort Lee,,5981,,23,,,Active,,,http://www.redfin.com/NJ/Fort-Lee/407-North-Ave-07024/home/35737215,NJMLS,20032712,N,Y,40.8508884,-73.9774703
MLS Listing,,Condo/Co-op,555 North Ave Unit 6K,Fort Lee,NJ,07024,229000,2,2.0,Fort Lee,975,,,23,235,,Active,,,http://www.redfin.com/NJ/Fort-Lee/555-North-Ave-07024/unit-6K/home/172700472,NJMLS,20032678,N,Y,40.8539526,-73.9823601
MLS Listing,,Condo/Co-op,1500 Palisade Ave Unit 15E,Fort Lee,NJ,07024,749000,2,2.0,Fort Lee,1900,,,23,394,,Active,,,http://www.redfin.com/NJ/Fort-Lee/1500-Palisade-Ave-07024/unit-15E/home/59915083,NJMLS,20032644,N,Y,40.8449251,-73.9714325
MLS Listing,,Townhouse,121 Victoria Pl,Fort Lee,NJ,07024,899000,4,3.5,Fort Lee,,,,23,,,Active,,,http://www.redfin.com/NJ/Fort-Lee/121-Victoria-Pl-W-07024/home/35734408,NJMLS,20032633,N,Y,40.8296228,-73.97791
MLS Listing,,Condo/Co-op,1512 Palisade Ave Unit 3B,Fort Lee,NJ,07024,820000,3,2.5,Fort Lee,2020,,,23,406,,Active,,,http://www.redfin.com/NJ/Fort-Lee/1512-Palisade-Ave-07024/unit-3B/home/35736235,NJMLS,20032602,N,Y,40.8457311,-73.970055
MLS Listing,,Condo/Co-op,2077 Center Ave Unit 8J,Fort Lee,NJ,07024,230000,2,2.0,Fort Lee,1389,,,24,166,,Active,,,http://www.redfin.com/NJ/Fort-Lee/2077-Center-Ave-07024/unit-8J/home/171818329,NJMLS,20032595,N,Y,40.8545254,-73.9714784
MLS Listing,,Condo/Co-op,555 North Ave Unit 21J,Fort Lee,NJ,07024,245000,2,2.0,Fort Lee,975,,,24,251,,Active,,,http://www.redfin.com/NJ/Fort-Lee/555-North-Ave-07024/unit-21J/home/165592743,NJMLS,20032561,N,Y,40.8539526,-73.9823601
MLS Listing,,Condo/Co-op,1600 Parker Ave Unit 27G,Fort Lee,NJ,07024,549000,3,2.5,Fort Lee,1996,,,24,275,,Active,,,http://www.redfin.com/NJ/Fort-Lee/1600-Parker-Ave-07024/unit-27G/home/172696170,NJMLS,20032518,N,Y,40.8478531,-73.9684479
MLS Listing,,Condo/Co-op,2455 Leighton St,Fort Lee,NJ,07024,799000,3,3.0,Fort Lee,,,,24,,,Active,,,http://www.redfin.com/NJ/Fort-Lee/2455-Leighton-St-07024/home/35901857,NJMLS,20032494,N,Y,40.8678025,-73.966685
MLS Listing,,Condo/Co-op,501 Linwood Dr Unit 4C,Fort Lee,NJ,07024,225000,2,1.0,Fort Lee,870,,,24,259,,Active,,,http://www.redfin.com/NJ/Fort-Lee/501-Linwood-Dr-07024/unit-4C/home/144834272,NJMLS,20032466,N,Y,40.8627284,-73.9713391
MLS Listing,,Condo/Co-op,1450 Palisade Ave Unit 1D,Fort Lee,NJ,07024,245000,1,1.0,Fort Lee,,,,24,,,Active,,,http://www.redfin.com/NJ/Fort-Lee/1450-Palisade-Ave-07024/unit-1D/home/35736385,NJMLS,20032436,N,Y,40.8444031,-73.9720113
MLS Listing,,Condo/Co-op,2000 Linwood Ave Unit 11F,Fort Lee,NJ,07024,285000,1,1.0,Fort Lee,,,,24,,,Active,,,http://www.redfin.com/NJ/Fort-Lee/2000-Linwood-Ave-07024/unit-11F/home/123691979,NJMLS,20032430,N,Y,40.8539851,-73.9739119
MLS Listing,,Single Family Residential,1626 Maple St,Fort Lee,NJ,07024,799000,4,3.0,Fort Lee,,5001,,25,,,Active,,,http://www.redfin.com/NJ/Fort-Lee/1626-Maple-St-07024/home/35737024,NJMLS,20032344,N,Y,40.8555019,-73.9817403
MLS Listing,,Multi-Family (2-4 Unit),63 Virginia Ave,Fort Lee,NJ,07024,989000,6,3.5,Fort Lee,,5001,,25,,,Active,,,http://www.redfin.com/NJ/Fort-Lee/63-Virginia-Ave-07024/home/35735269,NJMLS,20032316,N,Y,40.8380355,-73.9765061
MLS Listing,,Condo/Co-op,555 North Ave Unit 20U,Fort Lee,NJ,07024,249000,2,2.0,Fort Lee,1075,,,27,232,,Active,,,http://www.redfin.com/NJ/Fort-Lee/555-North-Ave-07024/unit-20U/home/172685216,NJMLS,20032067,N,Y,40.8539526,-73.9823601
MLS Listing,,Condo/Co-op,2 Horizon Rd #1417,Fort Lee,NJ,07024,79900,0,1.0,Fort Lee,628,,,27,127,,Active,,,http://www.redfin.com/NJ/Fort-Lee/2-Horizon-Rd-07024/unit-1417/home/172684008,NJMLS,20032009,N,Y,40.838916,-73.9739249
MLS Listing,,Single Family Residential,1143 Inwood Ter,Fort Lee,NJ,07024,1399000,6,3.5,Fort Lee,,7000,,28,,,Active,,,http://www.redfin.com/NJ/Fort-Lee/1143-Inwood-Ter-07024/home/35901140,NJMLS,20031766,N,Y,40.8398254,-73.9844951
MLS Listing,,Condo/Co-op,2077 Center Ave Unit 12D,Fort Lee,NJ,07024,229000,2,2.0,Fort Lee,1012,,,29,226,,Active,,,http://www.redfin.com/NJ/Fort-Lee/2077-Center-Ave-07024/unit-12-D/home/146016433,NJMLS,20031666,N,Y,40.8545254,-73.9714784
MLS Listing,,Condo/Co-op,4 Horizon Rd #1021,Fort Lee,NJ,07024,89000,1,1.0,Fort Lee,,,,29,,,Active,,,http://www.redfin.com/NJ/Fort-Lee/4-Horizon-Rd-07024/unit-1021/home/172671972,NJMLS,20031649,N,Y,40.8429285,-73.9717539
MLS Listing,,Single Family Residential,1170 Crescent Way,Fort Lee,NJ,07024,1779000,5,5.5,Fort Lee,,13247,,29,,,Active,September-6-2020 01:00 PM,September-6-2020 03:00 PM,http://www.redfin.com/NJ/Fort-Lee/1170-Crescent-Way-07024/home/35669205,NJMLS,20031625,N,Y,40.8359223,-73.9750598
MLS Listing,,Condo/Co-op,420 Fairview Ave Unit 4j,Fort Lee,NJ,07024,129950,0,1.0,Fort Lee,,,,29,,,Active,,,http://www.redfin.com/NJ/Fort-Lee/420-Fairview-Ave-07024/unit-4J/home/104465039,NJMLS,20031610,N,Y,40.8637984,-73.9691567
MLS Listing,,Multi-Family (2-4 Unit),1497 Anderson Ave,Fort Lee,NJ,07024,875000,3,2.0,Fort Lee,,,,29,,,Active,,,http://www.redfin.com/NJ/Fort-Lee/1497-Anderson-Ave-07024/home/35735938,NJMLS,20031551,N,Y,40.8488743,-73.9784804
MLS Listing,,Condo/Co-op,3 Horizon Rd #1203,Fort Lee,NJ,07024,107000,1,1.0,Fort Lee,,,,30,,,Active,,,http://www.redfin.com/NJ/Fort-Lee/3-Horizon-Rd-07024/unit-1203/home/143156509,NJMLS,20031502,N,Y,40.8417607,-73.972213
MLS Listing,,Condo/Co-op,1 Horizon Rd #1202,Fort Lee,NJ,07024,175000,2,1.0,Fort Lee,,,,30,,,Active,,,http://www.redfin.com/NJ/Fort-Lee/1-Horizon-Rd-07024/unit-1202/home/144797085,NJMLS,20031392,N,Y,40.8379618,-73.9736823
MLS Listing,,Condo/Co-op,100 Old Palisade Rd #2312,Fort Lee,NJ,07024,335000,1,1.0,Fort Lee,890,,,31,376,,Active,,,http://www.redfin.com/NJ/Fort-Lee/100-Old-Palisade-Rd-07024/unit-2312/home/35667978,NJMLS,20031355,N,Y,40.8481744,-73.9664386
MLS Listing,,Single Family Residential,115 Bluff Rd,Fort Lee,NJ,07024,2499000,5,7.0,Fort Lee,,11809,,31,,,Active,,,http://www.redfin.com/NJ/Fort-Lee/115-Bluff-Rd-07024/home/35734498,NJMLS,20031220,N,Y,40.8326309,-73.9775829
MLS Listing,,Condo/Co-op,2 Horizon Rd #629,Fort Lee,NJ,07024,148800,2,2.0,Fort Lee,,,,32,,,Active,,,http://www.redfin.com/NJ/Fort-Lee/2-Horizon-Rd-07024/unit-629/home/172654513,NJMLS,20031126,N,Y,40.838916,-73.9739249
MLS Listing,,Single Family Residential,1075 Edgewood Ln,Fort Lee,NJ,07024,889000,5,3.5,Fort Lee,,5101,,32,,,Active,September-6-2020 01:00 PM,September-6-2020 04:00 PM,http://www.redfin.com/NJ/Fort-Lee/1075-Edgewood-Ln-07024/home/35733713,NJMLS,20031106,N,Y,40.8352417,-73.9826127
MLS Listing,,Townhouse,1161 15th St,Fort Lee,NJ,07024,979000,3,3.0,Fort Lee,,,,32,,,Active,,,http://www.redfin.com/NJ/Fort-Lee/1161-15th-St-07024/home/171941633,NJMLS,20031059,N,Y,40.8407467,-73.9858266
MLS Listing,,Condo/Co-op,3 Horizon Rd #1032,Fort Lee,NJ,07024,258000,2,2.0,Fort Lee,,,,32,,,Active,,,http://www.redfin.com/NJ/Fort-Lee/3-Horizon-Rd-07024/unit-1032/home/172649737,NJMLS,20030945,N,Y,40.8417607,-73.972213
MLS Listing,,Townhouse,1600 Kaufers Ln #12,Fort Lee,NJ,07024,675000,2,3.0,Fort Lee,1726,,,33,391,,Active,,,http://www.redfin.com/NJ/Fort-Lee/1600-Kaufer-Ln-07024/unit-12/home/39931747,NJMLS,20030896,N,Y,40.8487217,-73.965748
MLS Listing,,Condo/Co-op,1361 15th St,Fort Lee,NJ,07024,449000,2,1.5,Fort Lee,,,,33,,,Active,,,http://www.redfin.com/NJ/Fort-Lee/1361-15th-St-07024/unit-1/home/35735125,NJMLS,20030860,N,Y,40.8460226,-73.9804813
MLS Listing,,Condo/Co-op,1600 Center Ave Unit 1E,Fort Lee,NJ,07024,229000,1,1.5,Fort Lee,,,,34,,,Active,,,http://www.redfin.com/NJ/Fort-Lee/1600-Center-Ave-07024/unit-1E/home/35737619,NJMLS,20030779,N,Y,40.8500612,-73.9736823
MLS Listing,,Condo/Co-op,1265 15th St Unit 1B,Fort Lee,NJ,07024,305000,1,1.0,Fort Lee,943,,,34,323,,Active,,,http://www.redfin.com/NJ/Fort-Lee/1265-15th-St-07024/unit-1B/home/35734905,NJMLS,20030742,N,Y,40.8431472,-73.9835998
MLS Listing,,Single Family Residential,350 Mccloud Dr,Fort Lee,NJ,07024,1650000,6,5.5,Fort Lee,,5001,,34,,,Active,,,http://www.redfin.com/NJ/Fort-Lee/350-McCloud-Dr-07024/home/35736519,NJMLS,20030738,N,Y,40.848371,-73.9773785
MLS Listing,,Condo/Co-op,2100 Linwood Ave Unit 16N,Fort Lee,NJ,07024,128000,1,1.0,Fort Lee,,,,35,,,Active,,,http://www.redfin.com/NJ/Fort-Lee/2100-Linwood-Ave-07024/unit-16N/home/167165853,NJMLS,20030620,N,Y,40.8551704,-73.972764
MLS Listing,,Condo/Co-op,555 North Ave Unit 17S,Fort Lee,NJ,07024,324999,3,2.0,Fort Lee,,,,35,,,Active,,,http://www.redfin.com/NJ/Fort-Lee/555-North-Ave-07024/unit-17S/home/161421699,NJMLS,20030614,N,Y,40.8539526,-73.9823601
MLS Listing,,Condo/Co-op,2200 N Central Rd Unit 5 R,Fort Lee,NJ,07024,350000,3,2.0,Fort Lee,1800,,,35,194,,Active,,,http://www.redfin.com/NJ/Fort-Lee/2200-N-Central-Rd-07024/unit-5-R/home/172640751,NJMLS,20030557,N,Y,40.8575931,-73.9629134
MLS Listing,,Single Family Residential,1084 Harvard Pl,Fort Lee,NJ,07024,914000,5,4.0,Fort Lee,,5354,,36,,,Active,,,http://www.redfin.com/NJ/Fort-Lee/1084-Harvard-Pl-07024/home/35734168,NJMLS,20030475,N,Y,40.8374758,-73.9850461
MLS Listing,,Condo/Co-op,1530 Palisade Ave Unit 14M,Fort Lee,NJ,07024,249999,1,1.5,Fort Lee,1100,,,36,227,,Active,,,http://www.redfin.com/NJ/Fort-Lee/1530-Palisade-Ave-07024/unit-14M/home/172631860,NJMLS,20030374,N,Y,40.8467696,-73.9692285
MLS Listing,,Condo/Co-op,2000 Linwood Ave Unit 9M,Fort Lee,NJ,07024,379000,2,2.0,Fort Lee,,,,36,,,Active,,,http://www.redfin.com/NJ/Fort-Lee/2000-Linwood-Ave-07024/unit-9M/home/144018257,NJMLS,20030333,N,Y,40.8539851,-73.9739119
MLS Listing,,Condo/Co-op,1 Horizon Rd #406,Fort Lee,NJ,07024,115000,1,1.0,Fort Lee,1200,,,37,96,,Active,,,http://www.redfin.com/NJ/Fort-Lee/1-Horizon-Rd-07024/unit-406/home/102397403,NJMLS,20030212,N,Y,40.8379618,-73.9736823
MLS Listing,,Condo/Co-op,100 Old Palisade Rd #2813,Fort Lee,NJ,07024,320000,1,1.0,Fort Lee,,,,37,,,Active,,,http://www.redfin.com/NJ/Fort-Lee/100-Old-Palisade-Rd-07024/unit-2813/home/35667929,NJMLS,20030153,N,Y,40.848037,-73.9655847
MLS Listing,,Multi-Family (2-4 Unit),2031 Edwin Ave,Fort Lee,NJ,07024,899000,6,4.0,Fort Lee,,5201,,37,,,Active,,,http://www.redfin.com/NJ/Fort-Lee/2031-Edwin-Ave-07024/home/35738020,NJMLS,20030099,N,Y,40.8562235,-73.9770571
MLS Listing,,Condo/Co-op,5 Horizon Rd Unit 404.,Fort Lee,NJ,07024,149900,1,1.5,Fort Lee,,,,37,,,Active,,,http://www.redfin.com/NJ/Fort-Lee/5-Horizon-Rd-07024/unit-404/home/88362900,NJMLS,20030080,N,Y,40.8398874,-73.9731314
MLS Listing,,Condo/Co-op,2200 N Central Rd Unit 9V,Fort Lee,NJ,07024,159900,1,1.0,Fort Lee,852,,,37,188,,Active,,,http://www.redfin.com/NJ/Fort-Lee/2200-N-Central-Rd-07024/unit-9V/home/172613918,NJMLS,20030065,N,Y,40.8575931,-73.9629134
MLS Listing,,Single Family Residential,213 Mcelroy Ave,Fort Lee,NJ,07024,675000,4,2.5,Fort Lee,,3798,,38,,,Active,September-6-2020 02:00 PM,September-6-2020 05:00 PM,http://www.redfin.com/NJ/Fort-Lee/213-McElroy-Ave-07024/home/35735456,NJMLS,20029999,N,Y,40.8395859,-73.977654
MLS Listing,,Condo/Co-op,2000 Linwood Ave Unit 4A,Fort Lee,NJ,07024,395000,2,2.0,Fort Lee,1290,,,39,306,,Active,,,http://www.redfin.com/NJ/Fort-Lee/2000-Linwood-Ave-07024/unit-4A/home/110295630,NJMLS,20029812,N,Y,40.8539851,-73.9739119
MLS Listing,,Condo/Co-op,3031 Edwin Ave Unit 4J,Fort Lee,NJ,07024,89000,0,1.0,Fort Lee,,,,39,,,Active,,,http://www.redfin.com/NJ/Fort-Lee/3031-Edwin-Ave-07024/unit-4J/home/103181432,NJMLS,20029754,N,Y,40.862627,-73.9708386
MLS Listing,,Single Family Residential,2360 Jones Rd,Fort Lee,NJ,07024,849000,4,3.0,Fort Lee,,10463,,39,,,Active,,,http://www.redfin.com/NJ/Fort-Lee/2360-Jones-Rd-07024/home/35738689,NJMLS,20029721,N,Y,40.8685844,-73.9751287
MLS Listing,,Condo/Co-op,500 LINWOOD Dr,Fort Lee Boro,NJ,07024-3609,165000,1,1.0,Linwood Park,,,1950,39,,590,Active,,,http://www.redfin.com/NJ/Fort-Lee/500-Linwood-Dr-07024/unit-4E/home/113735114,GSMLS,3651494,N,Y,40.861914,-73.9717538
MLS Listing,,Condo/Co-op,500 Linwood Dr Unit 3A,Fort Lee,NJ,07024,165000,1,1.0,Fort Lee,,,,39,,,Active,,,http://www.redfin.com/NJ/Fort-Lee/500-Linwood-Dr-07024/unit-3A/home/172599694,NJMLS,20029655,N,Y,40.861914,-73.9717538
MLS Listing,,Single Family Residential,244 Virginia Ave,Fort Lee,NJ,07024,1550000,5,4.5,Fort Lee,,5001,,41,,,Active,,,http://www.redfin.com/NJ/Fort-Lee/244-Virginia-Ave-07024/home/35735419,NJMLS,20029533,N,Y,40.839221,-73.979358
MLS Listing,,Condo/Co-op,2000 Linwood Ave Unit 21G,Fort Lee,NJ,07024,406000,2,2.0,Fort Lee,,,,41,,,Active,,,http://www.redfin.com/NJ/Fort-Lee/2000-Linwood-Ave-07024/unit-21G/home/113495052,NJMLS,20029519,N,Y,40.8539851,-73.9739119
MLS Listing,,Condo/Co-op,2000 Linwood Ave Unit 5S,Fort Lee,NJ,07024,389000,2,2.0,Fort Lee,,,,41,,,Active,,,http://www.redfin.com/NJ/Fort-Lee/2000-Linwood-Ave-07024/unit-5S/home/144018211,NJMLS,20029509,N,Y,40.8539851,-73.9739119
MLS Listing,,Condo/Co-op,1530 Palisade Ave Unit 22B,Fort Lee,NJ,07024,678000,2,2.5,Fort Lee,,,,42,,,Active,,,http://www.redfin.com/NJ/Fort-Lee/1530-Palisade-Ave-07024/unit-22B/home/172580890,NJMLS,20029454,N,Y,40.8467696,-73.9692285
MLS Listing,,Condo/Co-op,555 North Ave Unit 19F,Fort Lee,NJ,07024,259900,3,2.0,Fort Lee,1450,,,42,179,,Active,,,http://www.redfin.com/NJ/Fort-Lee/555-North-Ave-07024/unit-19F/home/172580647,NJMLS,20029446,N,Y,40.8539526,-73.9823601
MLS Listing,,Condo/Co-op,1450 Palisade Ave Unit 1J,Fort Lee,NJ,07024,258000,1,1.0,Fort Lee,754,,,42,342,,Active,,,http://www.redfin.com/NJ/Fort-Lee/1450-Palisade-Ave-07024/unit-1J/home/35736391,NJMLS,20029430,N,Y,40.8444031,-73.9720113
MLS Listing,,Condo/Co-op,201 N Bridge Plz Unit 15 C,Fort Lee,NJ,07024,195000,1,1.0,Fort Lee,554,,,42,352,,Active,,,http://www.redfin.com/NJ/Fort-Lee/201-Bridge-Plz-N-07024/unit-15C/home/35738298,NJMLS,20029393,N,Y,40.8555253,-73.9680021
MLS Listing,,Condo/Co-op,100 Old Palisade Rd #2209,Fort Lee,NJ,07024,419000,1,1.5,Fort Lee,,,,43,,,Active,,,http://www.redfin.com/NJ/Fort-Lee/100-Old-Palisade-Rd-07024/unit-2209/home/35667968,NJMLS,20029211,N,Y,40.8480876,-73.9662667
MLS Listing,,Single Family Residential,1154 Buckingham Rd,Fort Lee,NJ,07024,1199000,4,2.5,Fort Lee,,13081,,43,,,Active,,,http://www.redfin.com/NJ/Fort-Lee/1154-Buckingham-Rd-07024/home/35734814,NJMLS,20029014,N,Y,40.8363706,-73.9759092
MLS Listing,,Townhouse,2 Ascot Way,Fort Lee,NJ,07024,2800000,4,3.5,Fort Lee,,,,44,,,Active,,,http://www.redfin.com/NJ/Fort-Lee/2-Ascot-Way-07024/home/35733927,NJMLS,20029006,N,Y,40.8292213,-73.9761242
MLS Listing,,Condo/Co-op,100 Old Palisade Rd #3811,Fort Lee,NJ,07024,459000,2,2.0,Fort Lee,1380,,,44,333,,Active,,,http://www.redfin.com/NJ/Fort-Lee/100-Old-Palisade-Rd-07024/unit-3811/home/35667692,NJMLS,20028804,N,Y,40.84795,-73.9655967
MLS Listing,,Condo/Co-op,1500 Palisade Ave Unit 2F,Fort Lee,NJ,07024,449000,2,2.5,Fort Lee,2050,,,45,219,,Active,,,http://www.redfin.com/NJ/Fort-Lee/1500-Palisade-Ave-07024/unit-2F/home/172531003,NJMLS,20028633,N,Y,40.8449251,-73.9714325
MLS Listing,,Condo/Co-op,1500 Palisade Ave Unit 15 A,Fort Lee,NJ,07024,750000,2,2.5,Fort Lee,2050,,,46,366,,Active,,,http://www.redfin.com/NJ/Fort-Lee/1500-Palisade-Ave-07024/unit-15-A/home/172526243,NJMLS,20028494,N,Y,40.8449251,-73.9714325
MLS Listing,,Condo/Co-op,283 Myrtle Ave,Fort Lee,NJ,07024,649000,3,2.5,Fort Lee,,,,46,,,Active,,,http://www.redfin.com/NJ/Fort-Lee/283-Myrtle-Ave-07024/home/35669195,NJMLS,20028435,N,Y,40.8652967,-73.9661623
MLS Listing,,Condo/Co-op,1 Horizon Rd #1018,Fort Lee,NJ,07024,165000,1,1.0,Fort Lee,,,,46,,,Active,,,http://www.redfin.com/NJ/Fort-Lee/1-Horizon-Rd-07024/unit-1018/home/112362137,NJMLS,20028405,N,Y,40.8379618,-73.9736823
MLS Listing,,Condo/Co-op,100 Old Palisade Rd Unit L3,Fort Lee,NJ,07024,495000,1,1.5,Fort Lee,1292,,,46,383,,Active,,,http://www.redfin.com/NJ/Fort-Lee/100-Old-Palisade-Rd-07024/unit-L3/home/35667223,NJMLS,20028366,N,Y,40.8477191,-73.9661515
MLS Listing,,Single Family Residential,1082 Palisade Ave,Fort Lee,NJ,07024,788000,4,5.0,Fort Lee,,11252,,48,,,Active,,,http://www.redfin.com/NJ/Fort-Lee/1082-Palisade-Ave-07024/home/35734506,NJMLS,20028245,N,Y,40.8341176,-73.9780902
MLS Listing,,Condo/Co-op,2200 N Central Rd Unit 5E,Fort Lee,NJ,07024,275000,2,2.0,Fort Lee,1546,,,48,178,,Active,,,http://www.redfin.com/NJ/Fort-Lee/2200-N-Central-Rd-07024/unit-5E/home/172522110,NJMLS,20028192,N,Y,40.8575931,-73.9629134
MLS Listing,,Townhouse,100 Old Palisade Rd Unit PL19,Fort Lee,NJ,07024,710000,3,3.0,Fort Lee,,,,49,,,Active,,,http://www.redfin.com/NJ/Fort-Lee/100-Old-Palisade-Rd-07024/unit-PL19/home/35667660,NJMLS,20027994,N,Y,40.847543,-73.9674609
MLS Listing,,Condo/Co-op,2 Horizon Rd #1422,Fort Lee,NJ,07024,249000,2,2.0,Fort Lee,,,,50,,,Active,,,http://www.redfin.com/NJ/Fort-Lee/2-Horizon-Rd-07024/unit-1422/home/148207800,NJMLS,20027881,N,Y,40.838916,-73.9739249
MLS Listing,,Condo/Co-op,2100 Linwood Ave Unit 16Y,Fort Lee,NJ,07024,295000,2,2.0,Fort Lee,,,,50,,,Active,,,http://www.redfin.com/NJ/Fort-Lee/2100-Linwood-Ave-07024/unit-16Y/home/172508950,NJMLS,20027718,N,Y,40.8551704,-73.972764
MLS Listing,,Condo/Co-op,2100 Linwood Ave Unit 12T,Fort Lee,NJ,07024,175000,2,2.0,Fort Lee,1200,,,50,146,,Active,,,http://www.redfin.com/NJ/Fort-Lee/2100-Linwood-Ave-07024/unit-12T/home/172508739,NJMLS,20027692,N,Y,40.8551704,-73.972764
MLS Listing,,Condo/Co-op,2100 Linwood Ave Unit 10H,Fort Lee,NJ,07024,219000,2,2.0,Fort Lee,,,,50,,,Active,,,http://www.redfin.com/NJ/Fort-Lee/2100-Linwood-Ave-07024/unit-10H/home/172508701,NJMLS,20027690,N,Y,40.8551704,-73.972764
MLS Listing,,Condo/Co-op,3050 Edwin Ave Unit 3C,Fort Lee,NJ,07024,195000,2,1.0,Fort Lee,,,,51,,,Active,,,http://www.redfin.com/NJ/Fort-Lee/3050-Edwin-Ave-07024/unit-3C/home/59916286,NJMLS,20027633,N,Y,40.8631966,-73.9694106
MLS Listing,,Condo/Co-op,1265 15th St Unit 1D,Fort Lee,NJ,07024,359000,1,1.5,Fort Lee,,,,51,,,Active,,,http://www.redfin.com/NJ/Fort-Lee/1265-15th-St-07024/unit-1D/home/35734907,NJMLS,20027509,N,Y,40.8431472,-73.9835998
MLS Listing,,Condo/Co-op,2 Horizon Rd #1017,Fort Lee,NJ,07024,105000,1,1.0,Fort Lee,647,,,51,162,,Active,,,http://www.redfin.com/NJ/Fort-Lee/2-Horizon-Rd-07024/unit-1017/home/172502043,NJMLS,20027458,N,Y,40.838916,-73.9739249
MLS Listing,,Condo/Co-op,2410 Leighton St Unit A,Fort Lee,NJ,07024,979000,3,3.0,Fort Lee,,,,51,,,Active,,,http://www.redfin.com/NJ/Fort-Lee/2410-Leighton-St-07024/unit-A/home/172501189,NJMLS,20027433,N,Y,40.8663915,-73.9676316
MLS Listing,,Condo/Co-op,3 Horizon Rd #624,Fort Lee,NJ,07024,288000,3,2.0,Fort Lee,,,,51,,,Active,,,http://www.redfin.com/NJ/Fort-Lee/3-Horizon-Rd-07024/unit-624/home/109264357,NJMLS,20027432,N,Y,40.8417607,-73.972213
MLS Listing,,Condo/Co-op,100 Old Palisade Rd #907,Fort Lee,NJ,07024,475000,2,2.0,Fort Lee,1146,,,52,414,,Active,,,http://www.redfin.com/NJ/Fort-Lee/100-Old-Palisade-Rd-07024/unit-907/home/35667191,NJMLS,20027308,N,Y,40.8480214,-73.9660221
MLS Listing,,Condo/Co-op,2000 Linwood Ave Unit 12U,Fort Lee,NJ,07024,299000,1,1.0,Fort Lee,,,,52,,,Active,,,http://www.redfin.com/NJ/Fort-Lee/2000-Linwood-Ave-07024/unit-12U/home/108464860,NJMLS,20027263,N,Y,40.8539851,-73.9739119
MLS Listing,,Condo/Co-op,1500 Palisade Ave Unit 15D,Fort Lee,NJ,07024,828000,2,3.0,Fort Lee,,,,52,,,Active,,,http://www.redfin.com/NJ/Fort-Lee/1500-Palisade-Ave-07024/unit-15D/home/172490808,NJMLS,20027258,N,Y,40.8449251,-73.9714325
MLS Listing,,Condo/Co-op,100 Old Palisade Rd #3815,Fort Lee,NJ,07024,334900,1,1.0,Fort Lee,,,,53,,,Active,,,http://www.redfin.com/NJ/Fort-Lee/100-Old-Palisade-Rd-07024/unit-3815/home/35667721,NJMLS,20027118,N,Y,40.8482249,-73.9664162
MLS Listing,,Condo/Co-op,2215 N Central Rd Unit 1F,Fort Lee,NJ,07024,228000,1,1.0,Fort Lee,,,,55,,,Active,,,http://www.redfin.com/NJ/Fort-Lee/2215-N-Central-Rd-07024/unit-1F/home/35738445,NJMLS,20026984,N,Y,40.8578221,-73.9635736
MLS Listing,,Condo/Co-op,2100 Linwood Ave Unit 17P,Fort Lee,NJ,07024,139000,1,1.0,Fort Lee,,,,55,,,Active,,,http://www.redfin.com/NJ/Fort-Lee/2100-Linwood-Ave-07024/unit-17P/home/172461804,NJMLS,20026946,N,Y,40.8551704,-73.972764
MLS Listing,,Condo/Co-op,1500 Palisade Ave Ph ABC,Fort Lee,NJ,07024,1998000,5,5.5,Fort Lee,6270,,,55,319,,Active,,,http://www.redfin.com/NJ/Fort-Lee/1500-Palisade-Ave-07024/unit-ABC/home/105447620,NJMLS,20026910,N,Y,40.8449251,-73.9714325
MLS Listing,,Condo/Co-op,2340 Linwood Ave Unit 3G,Fort Lee,NJ,07024,249000,1,1.0,Fort Lee,,,,56,,,Active,,,http://www.redfin.com/NJ/Fort-Lee/2340-Linwood-Ave-07024/unit-3G/home/35662149,NJMLS,20026891,N,Y,40.863456,-73.967015
MLS Listing,,Multi-Family (2-4 Unit),2458 5th St,Fort Lee,NJ,07024,899000,6,4.0,Fort Lee,,2500,,56,,,Active,,,http://www.redfin.com/NJ/Fort-Lee/2458-5th-St-07024/home/35739245,NJMLS,20026868,N,Y,40.8639218,-73.9607567
MLS Listing,,Condo/Co-op,2185 Lemoine Ave Unit IL,Fort Lee,NJ,07024,329000,3,2.0,Fort Lee,1680,,,57,196,,Active,,,http://www.redfin.com/NJ/Fort-Lee/2185-Lemoine-Ave-07024/unit-IL/home/172408946,NJMLS,20026602,N,Y,40.8574358,-73.966749
MLS Listing,,Condo/Co-op,2100 Linwood Ave Unit 21H,Fort Lee,NJ,07024,265000,2,2.0,Fort Lee,,,,58,,,Active,,,http://www.redfin.com/NJ/Fort-Lee/2100-Linwood-Ave-07024/unit-21H/home/172398348,NJMLS,20026396,N,Y,40.8551704,-73.972764
MLS Listing,,Condo/Co-op,3 Horizon Rd #1406,Fort Lee,NJ,07024,238000,3,2.0,Fort Lee,,,,58,,,Active,,,http://www.redfin.com/NJ/Fort-Lee/3-Horizon-Rd-07024/unit-1406/home/160715709,NJMLS,20026214,N,Y,40.8417607,-73.972213
MLS Listing,,Condo/Co-op,900 Palisade Ave Unit 7A,Fort Lee,NJ,07024,769000,2,2.5,Fort Lee,,,,59,,,Active,,,http://www.redfin.com/NJ/Fort-Lee/900-Palisade-Ave-07024/unit-7A/home/35734031,NJMLS,20025987,N,Y,40.8303097,-73.978687
MLS Listing,,Condo/Co-op,100 Old Palisade Rd #706,Fort Lee,NJ,07024,429000,2,2.0,Fort Lee,1228,,,60,349,,Active,,,http://www.redfin.com/NJ/Fort-Lee/100-Old-Palisade-Rd-07024/unit-706/home/35667154,NJMLS,20025785,N,Y,40.8480945,-73.9664536
MLS Listing,,Condo/Co-op,2150 Center Ave Unit 16C,Fort Lee,NJ,07024,295000,2,2.5,Fort Lee,1425,,,60,207,,Active,,,http://www.redfin.com/NJ/Fort-Lee/2150-Center-Ave-07024/unit-16C/home/87856678,NJMLS,20025726,N,Y,40.8562082,-73.968953
MLS Listing,,Condo/Co-op,5 Horizon Rd Unit .2002,Fort Lee,NJ,07024,250000,3,2.5,Fort Lee,2100,,,61,119,,Active,,,http://www.redfin.com/NJ/Fort-Lee/5-Horizon-Rd-07024/unit-2002/home/59961613,NJMLS,20025670,N,Y,40.8398874,-73.9731314
MLS Listing,,Condo/Co-op,800 Palisade Ave #109,Fort Lee,NJ,07024,399000,2,2.5,Fort Lee,,,,63,,,Active,,,http://www.redfin.com/NJ/Fort-Lee/800-Palisade-Ave-07024/unit-109/home/35733939,NJMLS,20025518,N,Y,40.8296474,-73.9790184
MLS Listing,,Townhouse,2415 5th St Unit LEFT SIDE,Fort Lee,NJ,07024,629900,3,3.5,Fort Lee,,,,63,,,Active,,,http://www.redfin.com/NJ/Fort-Lee/2415-5th-St-07024/unit-LEFT-SIDE/home/168696073,NJMLS,20025450,N,Y,40.8632316,-73.9619653
MLS Listing,,Condo/Co-op,800 Palisade Ave #609,Fort Lee,NJ,07024,399900,2,2.5,Fort Lee,,,,64,,,Active,,,http://www.redfin.com/NJ/Fort-Lee/800-Palisade-Ave-07024/unit-609/home/35733873,NJMLS,20025420,N,Y,40.8296719,-73.9789203
MLS Listing,,Condo/Co-op,801 Edgewood Ln Unit A,Fort Lee,NJ,07024,1040000,3,3.5,Fort Lee,,,,64,,,Active,,,http://www.redfin.com/NJ/Fort-Lee/801-Edgewood-Ln-07024/unit-A/home/35733107,NJMLS,20025328,N,Y,40.8319678,-73.9839399
MLS Listing,,Condo/Co-op,2000 Linwood Ave Unit 3K,Fort Lee,NJ,07024,450000,2,2.0,Fort Lee,,,,65,,,Active,,,http://www.redfin.com/NJ/Fort-Lee/2000-Linwood-Ave-07024/unit-3K/home/144018182,NJMLS,20025172,N,Y,40.8539851,-73.9739119
MLS Listing,,Condo/Co-op,4 Horizon Rd #1420,Fort Lee,NJ,07024,288000,3,2.0,Fort Lee,,,,65,,,Active,,,http://www.redfin.com/NJ/Fort-Lee/4-Horizon-Rd-07024/unit-1420/home/63470664,NJMLS,20025167,N,Y,40.8429285,-73.9717539
MLS Listing,,Condo/Co-op,5 Horizon Rd #2906,Fort Lee,NJ,07024,138000,1,1.0,Fort Lee,,,,66,,,Active,,,http://www.redfin.com/NJ/Fort-Lee/5-Horizon-Rd-07024/unit-2906/home/172336833,NJMLS,20024941,N,Y,40.8398874,-73.9731314
MLS Listing,,Condo/Co-op,2100 Linwood Ave Unit 6W,Fort Lee,NJ,07024,299000,3,2.0,Fort Lee,,,,66,,,Active,,,http://www.redfin.com/NJ/Fort-Lee/2100-Linwood-Ave-07024/unit-6W/home/172334933,NJMLS,20024925,N,Y,40.8551704,-73.972764
MLS Listing,,Condo/Co-op,1600 Parker Ave Unit 18B,Fort Lee,NJ,07024,388000,2,2.0,Fort Lee,1558,,,66,249,,Active,,,http://www.redfin.com/NJ/Fort-Lee/1600-Parker-Ave-07024/unit-18B/home/172331420,NJMLS,20024846,N,Y,40.8478531,-73.9684479
MLS Listing,,Condo/Co-op,2340 LINWOOD AVE 1E,Fort Lee Boro,NJ,07024-3815,239900,1,1.0,Bella Vista,,188614,1950,66,,332,Active,,,http://www.redfin.com/NJ/Fort-Lee/2340-Linwood-Ave-07024/unit-1E/home/35662169,GSMLS,3644381,N,Y,40.863456,-73.967015
MLS Listing,,Condo/Co-op,2150 Center Ave Unit 8G,Fort Lee,NJ,07024,324900,2,2.5,Fort Lee,,,,66,,,Active,,,http://www.redfin.com/NJ/Fort-Lee/2150-Center-Ave-07024/unit-8G/home/161467849,NJMLS,20024794,N,Y,40.8562082,-73.968953
MLS Listing,,Condo/Co-op,2100 Linwood Ave Unit 9R,Fort Lee,NJ,07024,164800,1,1.0,Fort Lee,,,,67,,,Active,,,http://www.redfin.com/NJ/Fort-Lee/2100-Linwood-Ave-07024/unit-9R/home/102540939,NJMLS,20024631,N,Y,40.8551704,-73.972764
MLS Listing,,Condo/Co-op,100 Old Palisade Rd #2402,Fort Lee,NJ,07024,475000,2,2.5,Fort Lee,1365,,,67,348,,Active,,,http://www.redfin.com/NJ/Fort-Lee/100-Old-Palisade-Rd-07024/unit-2402/home/35668007,NJMLS,20024586,N,Y,40.848146,-73.9664328
MLS Listing,,Condo/Co-op,1600 Center Ave Unit 12C,Fort Lee,NJ,07024,359000,2,2.0,Fort Lee,1253,,,69,287,,Active,,,http://www.redfin.com/NJ/Fort-Lee/1600-Center-Ave-07024/unit-12C/home/35737873,NJMLS,20024518,N,Y,40.8500612,-73.9736823
MLS Listing,,Condo/Co-op,1600 Parker Ave Unit 19A,Fort Lee,NJ,07024,218000,1,1.5,Fort Lee,1299,,,69,168,,Active,,,http://www.redfin.com/NJ/Fort-Lee/1600-Parker-Ave-07024/unit-19A/home/147959135,NJMLS,20024440,N,Y,40.8478531,-73.9684479
MLS Listing,,Condo/Co-op,2185 Lemoine Ave Unit 4P,Fort Lee,NJ,07024,115000,1,1.0,Fort Lee,1135,,,70,101,,Active,,,http://www.redfin.com/NJ/Fort-Lee/2185-Lemoine-Ave-07024/unit-4P/home/169416513,NJMLS,20024409,N,Y,40.8574358,-73.966749
MLS Listing,,Condo/Co-op,1512 PALISADE AVE 3P,Fort Lee Boro,NJ,07024-5308,704500,3,3.5,Fort Lee Boro,2829,,1989,71,249,2341,Active,,,http://www.redfin.com/NJ/Fort-Lee/1512-Palisade-Ave-07024/unit-3P/home/35736273,GSMLS,3643397,N,Y,40.8457311,-73.970055
MLS Listing,,Condo/Co-op,2 Horizon Rd #1406,Fort Lee,NJ,07024,249900,3,2.0,Fort Lee,,,1960,71,,,Active,,,http://www.redfin.com/NJ/Fort-Lee/2-Horizon-Rd-07024/unit-1406/home/160618980,CJMLS,2018252,N,Y,40.838916,-73.9739249
MLS Listing,,Condo/Co-op,1 Horizon Rd #1205,Fort Lee,NJ,07024,175000,2,2.0,Fort Lee,,,,72,,,Active,,,http://www.redfin.com/NJ/Fort-Lee/1-Horizon-Rd-07024/unit-1205/home/144766681,NJMLS,20023918,N,Y,40.8379618,-73.9736823
MLS Listing,,Condo/Co-op,100 Old Palisade Rd #4013,Fort Lee,NJ,07024,349000,1,1.0,Fort Lee,797,,,72,438,,Active,,,http://www.redfin.com/NJ/Fort-Lee/100-Old-Palisade-Rd-07024/unit-4013/home/35667722,NJMLS,20023841,N,Y,40.8481292,-73.9658033
MLS Listing,,Single Family Residential,210 Forest Rd,Fort Lee,NJ,07024,629900,3,2.0,Fort Lee,,5001,,72,,,Active,,,http://www.redfin.com/NJ/Fort-Lee/210-Forest-Rd-07024/home/35735223,NJMLS,20023787,N,Y,40.8411465,-73.9757846
MLS Listing,,Single Family Residential,1141 Buckingham Rd,Fort Lee,NJ,07024,1999900,6,7.0,Fort Lee,,25896,,72,,,Active,September-6-2020 01:30 PM,September-6-2020 04:00 PM,http://www.redfin.com/NJ/Fort-Lee/1141-Buckingham-Rd-07024/home/35734783,NJMLS,20023764,N,Y,40.8356556,-73.9764372
MLS Listing,,Condo/Co-op,550 North Ave Unit C,Fort Lee,NJ,07024,279000,1,1.0,Fort Lee,760,,,73,367,,Active,,,http://www.redfin.com/NJ/Fort-Lee/550-North-Ave-07024/unit-C/home/168868812,NJMLS,20023595,N,Y,40.8536417,-73.9831635
MLS Listing,,Single Family Residential,2 Euclid Rd,Fort Lee,NJ,07024,5950000,6,6.5,Fort Lee,,,,73,,,Active,,,http://www.redfin.com/NJ/Fort-Lee/2-Euclid-Rd-07024/home/35669206,NJMLS,20023555,N,Y,40.8360753,-73.9745088
MLS Listing,,Condo/Co-op,1600 Center Ave Unit 3A,Fort Lee,NJ,07024,259000,1,1.5,Fort Lee,,,,74,,,Active,,,http://www.redfin.com/NJ/Fort-Lee/1600-Center-Ave-07024/unit-3A/home/35737605,NJMLS,20023417,N,Y,40.8500612,-73.9736823
MLS Listing,,Condo/Co-op,2077 Center Ave Unit 19J,Fort Lee,NJ,07024,232500,2,2.0,Fort Lee,1389,,,74,167,,Active,,,http://www.redfin.com/NJ/Fort-Lee/2077-Center-Ave-07024/unit-19J/home/92906749,NJMLS,20023401,N,Y,40.8545254,-73.9714784
MLS Listing,,Townhouse,100 Old Palisade Rd Unit PL2,Fort Lee,NJ,07024,750000,3,3.0,Fort Lee,,,,77,,,Active,,,http://www.redfin.com/NJ/Fort-Lee/100-Old-Palisade-Rd-07024/unit-PL2/home/35667645,NJMLS,20022953,N,Y,40.8473335,-73.9664014
MLS Listing,,Condo/Co-op,1512 Palisade Ave Unit 11P,Fort Lee,NJ,07024,1550000,3,3.5,Fort Lee,3100,,,78,500,,Active,,,http://www.redfin.com/NJ/Fort-Lee/1512-Palisade-Ave-07024/unit-11P/home/35736128,NJMLS,20022808,N,Y,40.8457311,-73.970055
MLS Listing,,Condo/Co-op,900 Palisade Ave Unit 4J,Fort Lee,NJ,07024,398800,1,1.5,Fort Lee,,,,78,,,Active,,,http://www.redfin.com/NJ/Fort-Lee/900-Palisade-Ave-07024/unit-4J/home/35734047,NJMLS,20022793,N,Y,40.8303097,-73.978687
MLS Listing,,Single Family Residential,1025 Palisade Ave,Fort Lee,NJ,07024,1790000,8,6.5,Fort Lee,,18500,,78,,,Active,,,http://www.redfin.com/NJ/Fort-Lee/1025-Palisade-Ave-07024/home/35901199,NJMLS,20022781,N,Y,40.8320797,-73.979298
MLS Listing,,Condo/Co-op,1530 Palisade Ave Unit 17R,Fort Lee,NJ,07024,539000,2,2.5,Fort Lee,,,,78,,,Active,,,http://www.redfin.com/NJ/Fort-Lee/1530-Palisade-Ave-07024/unit-17R/home/148424705,NJMLS,20022742,N,Y,40.846883,-73.9689072
MLS Listing,,Condo/Co-op,2100 Linwood Ave Unit 23N,Fort Lee,NJ,07024,115000,1,1.0,Fort Lee,,,,78,,,Active,,,http://www.redfin.com/NJ/Fort-Lee/2100-Linwood-Ave-07024/unit-23N/home/172123619,NJMLS,20022685,N,Y,40.8551704,-73.972764
MLS Listing,,Condo/Co-op,2345 Linwood Ave Unit LG,Fort Lee,NJ,07024,350000,2,1.0,Fort Lee,935,,,79,374,,Active,,,http://www.redfin.com/NJ/Fort-Lee/2345-Linwood-Ave-07024/unit-LG/home/35662271,NJMLS,20022514,N,Y,40.864015,-73.9679073
MLS Listing,,Townhouse,438 Jane St Unit B,Fort Lee,NJ,07024,775000,3,3.5,Fort Lee,3000,,,79,258,,Active,,,http://www.redfin.com/NJ/Fort-Lee/438-Jane-St-07024/unit-B/home/172092636,NJMLS,20022430,N,Y,40.8538488,-73.9767234
MLS Listing,,Condo/Co-op,555 North Ave Unit 17 D,Fort Lee,NJ,07024,230000,2,2.0,Fort Lee,970,,,80,237,,Active,,,http://www.redfin.com/NJ/Fort-Lee/555-North-Ave-07024/unit-17D/home/79745058,NJMLS,20022395,N,Y,40.8539526,-73.9823601
MLS Listing,,Condo/Co-op,2077 Center Ave Unit 19C,Fort Lee,NJ,07024,149900,1,1.0,Fort Lee,827,,,80,181,,Active,,,http://www.redfin.com/NJ/Fort-Lee/2077-Center-Ave-07024/unit-19C/home/172079698,NJMLS,20022354,N,Y,40.8545254,-73.9714784
MLS Listing,,Condo/Co-op,1428 Westgate Dr,Fort Lee,NJ,07024,325000,2,1.0,Fort Lee,,,,81,,,Active,,,http://www.redfin.com/NJ/Fort-Lee/1428-Westgate-Dr-07024/unit-8101/home/35901961,NJMLS,20021983,N,Y,40.8500122,-73.984051
MLS Listing,,Condo/Co-op,2000 Linwood Ave Unit 16V,Fort Lee,NJ,07024,599000,3,2.0,Fort Lee,,,,81,,,Active,,,http://www.redfin.com/NJ/Fort-Lee/2000-Linwood-Ave-07024/unit-16V/home/144018334,NJMLS,20021944,N,Y,40.8539851,-73.9739119
MLS Listing,,Condo/Co-op,555 North Ave Unit 11L,Fort Lee,NJ,07024,154900,1,1.0,Fort Lee,865,,,83,179,,Active,,,http://www.redfin.com/NJ/Fort-Lee/555-North-Ave-07024/unit-11L/home/172066638,NJMLS,20021763,N,Y,40.8539526,-73.9823601
MLS Listing,,Condo/Co-op,1530 Palisade Ave Unit 12k,Fort Lee,NJ,07024,295000,1,1.5,Fort Lee,1160,,,83,254,,Active,,,http://www.redfin.com/NJ/Fort-Lee/1530-Palisade-Ave-07024/unit-12k/home/170506313,NJMLS,20021702,N,Y,40.847307,-73.970144
MLS Listing,,Condo/Co-op,471 Catherine St Unit B,Fort Lee,NJ,07024,960000,3,3.5,Fort Lee,,,,85,,,Active,,,http://www.redfin.com/NJ/Fort-Lee/471-Catherine-St-07024/unit-B/home/172052347,NJMLS,20021321,N,Y,40.8541515,-73.9779295
MLS Listing,,Condo/Co-op,471 Catherine St Unit A,Fort Lee,NJ,07024,960000,3,3.5,Fort Lee,,,,85,,,Active,,,http://www.redfin.com/NJ/Fort-Lee/471-Catherine-St-07024/unit-A/home/172052308,NJMLS,20021314,N,Y,40.8541515,-73.9779295
MLS Listing,,Condo/Co-op,2100 Linwood Ave Unit 4-B,Fort Lee,NJ,07024,219900,2,2.0,Fort Lee,,,,85,,,Active,,,http://www.redfin.com/NJ/Fort-Lee/2100-Linwood-Ave-07024/unit-4-B/home/172051391,NJMLS,20021240,N,Y,40.8551704,-73.972764
MLS Listing,,Condo/Co-op,1265 15th St Unit 15C,Fort Lee,NJ,07024,469000,2,2.0,Fort Lee,1665,,,86,282,,Active,,,http://www.redfin.com/NJ/Fort-Lee/1265-15th-St-07024/unit-15C/home/35735002,NJMLS,20021142,N,Y,40.8431472,-73.9835998
MLS Listing,,Townhouse,1658 Maple St Unit B,Fort Lee,NJ,07024,1200000,4,4.0,Fort Lee,,,,86,,,Active,,,http://www.redfin.com/NJ/Fort-Lee/1658-Maple-St-07024/unit-B/home/172045154,NJMLS,20020975,N,Y,40.8564052,-73.9807761
MLS Listing,,Townhouse,1658 Maple St Unit A,Fort Lee,NJ,07024,1200000,4,4.0,Fort Lee,,,,86,,,Active,,,http://www.redfin.com/NJ/Fort-Lee/1658-Maple-St-07024/unit-A/home/172045145,NJMLS,20020974,N,Y,40.8564052,-73.9807761
MLS Listing,,Multi-Family (2-4 Unit),1658 Maple St,Fort Lee,NJ,07024,2400000,8,8.0,Fort Lee,,8000,,86,,,Active,,,http://www.redfin.com/NJ/Fort-Lee/1658-Maple-St-07024/home/35737057,NJMLS,20020970,N,Y,40.8564052,-73.9807761
MLS Listing,,Condo/Co-op,1512 Palisade Ave Unit 4N,Fort Lee,NJ,07024,968000,3,3.5,Fort Lee,2221,,,87,436,,Active,,,http://www.redfin.com/NJ/Fort-Lee/1512-Palisade-Ave-07024/unit-4N/home/35901954,NJMLS,20020885,N,Y,40.8457311,-73.970055
MLS Listing,,Condo/Co-op,1600 Parker Ave Unit 3 H,Fort Lee,NJ,07024,270000,2,2.0,Fort Lee,1558,,,87,173,,Active,,,http://www.redfin.com/NJ/Fort-Lee/1600-Parker-Ave-07024/unit-3-H/home/170360449,NJMLS,20020848,N,Y,40.8478531,-73.9684479
MLS Listing,,Condo/Co-op,163 Old Palisade Rd Unit TOP FLOOR,Fort Lee,NJ,07024,789888,3,2.5,Fort Lee,2240,,,87,353,,Active,,,http://www.redfin.com/NJ/Fort-Lee/163-Old-Palisade-Rd-07024/unit-TOP-FLOOR/home/172039638,NJMLS,20020785,N,Y,40.848786,-73.967828
MLS Listing,,Condo/Co-op,100 Old Palisade Rd #1014,Fort Lee,NJ,07024,455000,2,2.0,Fort Lee,,,,88,,,Active,,,http://www.redfin.com/NJ/Fort-Lee/100-Old-Palisade-Rd-07024/unit-1014/home/35667675,NJMLS,20020561,N,Y,40.8479709,-73.9655736
MLS Listing,,Condo/Co-op,100 Old Palisade Rd #2314,Fort Lee,NJ,07024,315000,1,1.0,Fort Lee,857,,,89,368,,Active,,,http://www.redfin.com/NJ/Fort-Lee/100-Old-Palisade-Rd-07024/unit-2314/home/35667980,NJMLS,20020420,N,Y,40.8481697,-73.966404
MLS Listing,,Townhouse,30 Lenox Ct,Fort Lee,NJ,07024,924900,3,3.0,Fort Lee,3700,,,92,250,,Active,,,http://www.redfin.com/NJ/Fort-Lee/30-Lenox-Ct-07024/home/35901126,NJMLS,20019881,N,Y,40.8294477,-73.9782947
MLS Listing,,Condo/Co-op,555 North Ave Unit 10W,Fort Lee,NJ,07024,125000,1,1.0,Fort Lee,819,,,93,153,,Active,,,http://www.redfin.com/NJ/Fort-Lee/555-North-Ave-07024/unit-10W/home/171976146,NJMLS,20019852,N,Y,40.8539526,-73.9823601
MLS Listing,,Condo/Co-op,3 Horizon Rd Unit G-7,Fort Lee,NJ,07024,210000,3,2.0,Fort Lee,,,,93,,,Active,,,http://www.redfin.com/NJ/Fort-Lee/3-Horizon-Rd-07024/unit-G-7/home/171975915,NJMLS,20019839,N,Y,40.8417607,-73.972213
MLS Listing,,Condo/Co-op,3 Horizon Rd Unit G 18,Fort Lee,NJ,07024,210000,2,2.0,Fort Lee,,,,93,,,Active,,,http://www.redfin.com/NJ/Fort-Lee/3-Horizon-Rd-07024/unit-G-18/home/171971057,NJMLS,20019629,N,Y,40.8417607,-73.972213
MLS Listing,,Condo/Co-op,6 Horizon Rd #310,Fort Lee,NJ,07024,125000,2,2.0,Fort Lee,1383,,,94,90,,Active,,,http://www.redfin.com/NJ/Fort-Lee/6-Horizon-Rd-07024/unit-310/home/113966540,NJMLS,20019557,N,Y,40.8407802,-73.9731773
MLS Listing,,Condo/Co-op,3 Horizon Rd #1020,Fort Lee,NJ,07024,214999,3,2.0,Fort Lee,,,,94,,,Active,,,http://www.redfin.com/NJ/Fort-Lee/3-Horizon-Rd-07024/unit-1020/home/171968645,NJMLS,20019549,N,Y,40.8417607,-73.972213
MLS Listing,,Condo/Co-op,3 Horizon Rd Ph 4,Fort Lee,NJ,07024,350000,4,3.0,Fort Lee,3900,,,94,90,,Active,,,http://www.redfin.com/NJ/Fort-Lee/3-Horizon-Rd-07024/unit-4/home/104482530,NJMLS,20019525,N,Y,40.8417607,-73.972213
MLS Listing,,Condo/Co-op,1265 15th St Unit 8 A,Fort Lee,NJ,07024,495000,2,2.0,Fort Lee,1715,,,95,289,,Active,,,http://www.redfin.com/NJ/Fort-Lee/1265-15th-St-07024/unit-8A/home/35735065,NJMLS,20019250,N,Y,40.8431472,-73.9835998
MLS Listing,,Condo/Co-op,3021 Edwin Ave Unit 1C,Fort Lee,NJ,07024,199000,2,1.0,Fort Lee,,,,95,,,Active,,,http://www.redfin.com/NJ/Fort-Lee/3021-Edwin-Ave-07024/unit-1C/home/171959344,NJMLS,20019241,N,Y,40.8619021,-73.9717161
MLS Listing,,Condo/Co-op,1600 Parker Ave Unit 5A,Fort Lee,NJ,07024,215000,1,1.5,Fort Lee,1199,,,95,179,,Active,,,http://www.redfin.com/NJ/Fort-Lee/1600-Parker-Ave-07024/unit-5A/home/171959114,NJMLS,20019237,N,Y,40.8478531,-73.9684479
MLS Listing,,Condo/Co-op,5 Horizon Rd #511,Fort Lee,NJ,07024,135000,2,2.5,Fort Lee,1450,,,95,93,,Active,,,http://www.redfin.com/NJ/Fort-Lee/5-Horizon-Rd-07024/unit-511/home/168956123,NJMLS,20019180,N,Y,40.8398874,-73.9731314
MLS Listing,,Single Family Residential,1036 Anderson Ave,Fort Lee,NJ,07024,1450000,6,5.5,Fort Lee,,15616,,95,,,Active,,,http://www.redfin.com/NJ/Fort-Lee/1036-Anderson-Ave-07024/home/35733699,NJMLS,20019120,N,Y,40.8343476,-73.983508
MLS Listing,,Condo/Co-op,2 Horizon Rd #617,Fort Lee,NJ,07024,130000,1,1.0,Fort Lee,,,,97,,,Active,,,http://www.redfin.com/NJ/Fort-Lee/2-Horizon-Rd-07024/unit-617/home/104217826,NJMLS,20018996,N,Y,40.838916,-73.9739249
MLS Listing,,Multi-Family (2-4 Unit),495 Catherine St,Fort Lee,NJ,07024,1249000,8,5.0,Fort Lee,,5001,,97,,,Active,,,http://www.redfin.com/NJ/Fort-Lee/495-Catherine-St-07024/home/35737083,NJMLS,20018968,N,Y,40.8546477,-73.97871
MLS Listing,,Condo/Co-op,1 Horizon Rd Unit 609.,Fort Lee,NJ,07024,135000,1,1.0,Fort Lee,943,,,97,143,,Active,,,http://www.redfin.com/NJ/Fort-Lee/1-Horizon-Rd-07024/unit-609/home/146200195,NJMLS,20018952,N,Y,40.8379618,-73.9736823
MLS Listing,,Condo/Co-op,6 Horizon Rd #2002,Fort Lee,NJ,07024,216000,3,2.5,Fort Lee,,,,98,,,Active,,,http://www.redfin.com/NJ/Fort-Lee/6-Horizon-Rd-07024/unit-2002/home/171941344,NJMLS,20018874,N,Y,40.8407802,-73.9731773
MLS Listing,,Condo/Co-op,800 Palisade Ave #1702,Fort Lee,NJ,07024,389000,2,2.0,Fort Lee,,,,98,,,Active,,,http://www.redfin.com/NJ/Fort-Lee/800-Palisade-Ave-07024/unit-1702/home/35733975,NJMLS,20018867,N,Y,40.8294639,-73.9791099
MLS Listing,,Condo/Co-op,2100 Linwood Ave Unit 9N,Fort Lee,NJ,07024,125000,1,1.0,Fort Lee,,,,99,,,Active,,,http://www.redfin.com/NJ/Fort-Lee/2100-Linwood-Ave-07024/unit-9N/home/171927140,NJMLS,20018650,N,Y,40.8551704,-73.972764
MLS Listing,,Condo/Co-op,100 Old Palisade Rd #902,Fort Lee,NJ,07024,359000,1,1.0,Fort Lee,801,,,102,448,,Active,,,http://www.redfin.com/NJ/Fort-Lee/100-Old-Palisade-Rd-07024/unit-902/home/35667188,NJMLS,20018148,N,Y,40.8480397,-73.9661283
MLS Listing,,Single Family Residential,1103 Harvard Pl,Fort Lee,NJ,07024,1250000,5,4.5,Fort Lee,,5001,,103,,,Active,,,http://www.redfin.com/NJ/Fort-Lee/1103-Harvard-Pl-07024/home/79086797,NJMLS,20018113,N,Y,40.838031,-73.985157
MLS Listing,,Condo/Co-op,100 Old Palisade Rd #1010,Fort Lee,NJ,07024,465000,2,2.0,Fort Lee,1256,,,104,370,,Active,,,http://www.redfin.com/NJ/Fort-Lee/100-Old-Palisade-Rd-07024/unit-1010/home/35667671,NJMLS,20018037,N,Y,40.8479517,-73.9656068
MLS Listing,,Condo/Co-op,4 Horizon Rd Unit -1020,Fort Lee,NJ,07024,362500,3,2.0,Fort Lee,,,,104,,,Active,,,http://www.redfin.com/NJ/Fort-Lee/4-Horizon-Rd-07024/unit-1020/home/160716921,NJMLS,20017976,N,Y,40.8429285,-73.9717539
MLS Listing,,Condo/Co-op,1-6 Horizon Rd #2908,Fort Lee,NJ,07024,115000,1,1.5,Fort Lee,,,,105,,,Active,,,http://www.redfin.com/NJ/Fort-Lee/1-Horizon-Rd-07024/unit-2908/home/171827951,NJMLS,20017886,N,Y,40.8379618,-73.9736823
MLS Listing,,Condo/Co-op,4 Horizon Rd #1009,Fort Lee,NJ,07024,174500,1,1.0,Fort Lee,,,,106,,,Active,,,http://www.redfin.com/NJ/Fort-Lee/4-Horizon-Rd-07024/unit-1009/home/171820954,NJMLS,20017707,N,Y,40.8429285,-73.9717539
MLS Listing,,Condo/Co-op,4 Horizon Rd Ph 3,Fort Lee,NJ,07024,949000,4,3.5,Fort Lee,3000,,,108,316,,Active,,,http://www.redfin.com/NJ/Fort-Lee/4-Horizon-Rd-07024/unit-3/home/169105323,NJMLS,20017319,N,Y,40.8429285,-73.9717539
MLS Listing,,Condo/Co-op,1 Horizon Rd #1410,Fort Lee,NJ,07024,288000,3,2.0,Fort Lee,,,,109,,,Active,,,http://www.redfin.com/NJ/Fort-Lee/1-Horizon-Rd-07024/unit-1410/home/171777659,NJMLS,20017068,N,Y,40.8379618,-73.9736823
MLS Listing,,Condo/Co-op,1600 Center Ave Unit 10B,Fort Lee,NJ,07024,185000,0,1.0,Fort Lee,532,,,110,348,,Active,,,http://www.redfin.com/NJ/Fort-Lee/1600-Center-Ave-07024/unit-10B/home/35737853,NJMLS,20017056,N,Y,40.8500612,-73.9736823
MLS Listing,,Condo/Co-op,4 Horizon Rd Unit G-7,Fort Lee,NJ,07024,175000,3,2.0,Fort Lee,,,,110,,,Active,,,http://www.redfin.com/NJ/Fort-Lee/4-Horizon-Rd-07024/unit-G-7/home/160715500,NJMLS,20017034,N,Y,40.8429285,-73.9717539
MLS Listing,,Condo/Co-op,5 Horizon Rd #2208,Fort Lee,NJ,07024,149900,1,1.0,Fort Lee,1317,,,110,114,,Active,,,http://www.redfin.com/NJ/Fort-Lee/5-Horizon-Rd-07024/unit-2208/home/144628303,NJMLS,20017032,N,Y,40.8398874,-73.9731314
MLS Listing,,Condo/Co-op,100 Old Palisade Rd #3010,Fort Lee,NJ,07024,519000,2,2.5,Fort Lee,1452,,,112,357,,Active,,,http://www.redfin.com/NJ/Fort-Lee/100-Old-Palisade-Rd-07024/unit-3010/home/35667594,NJMLS,20016904,N,Y,40.8482285,-73.965547
MLS Listing,,Condo/Co-op,1265 15th St Unit 4A,Fort Lee,NJ,07024,475000,2,2.0,Fort Lee,1715,,,113,277,,Active,,,http://www.redfin.com/NJ/Fort-Lee/1265-15th-St-07024/unit-4A/home/35735082,NJMLS,20016647,N,Y,40.8431472,-73.9835998
MLS Listing,,Condo/Co-op,5 Horizon Rd #2803,Fort Lee,NJ,07024,123800,1,1.0,Fort Lee,1000,,,115,124,,Active,,,http://www.redfin.com/NJ/Fort-Lee/5-Horizon-Rd-07024/unit-2803/home/102085007,NJMLS,20016463,N,Y,40.8398874,-73.9731314
MLS Listing,,Condo/Co-op,100 Old Palisade Rd #2807,Fort Lee,NJ,07024,599000,2,2.5,Fort Lee,,,,120,,,Active,,,http://www.redfin.com/NJ/Fort-Lee/100-Old-Palisade-Rd-07024/unit-2807/home/35667939,NJMLS,20015813,N,Y,40.8480264,-73.9657039
MLS Listing,,Condo/Co-op,1600 Center Ave Unit 7G,Fort Lee,NJ,07024,359000,2,2.0,Fort Lee,1173,,,121,306,,Active,,,http://www.redfin.com/NJ/Fort-Lee/1600-Center-Ave-07024/unit-7G/home/35737632,NJMLS,20015730,N,Y,40.8500612,-73.9736823
MLS Listing,,Condo/Co-op,2077 Center Ave Unit 12G,Fort Lee,NJ,07024,107500,1,1.5,Fort Lee,,,,122,,,Active,,,http://www.redfin.com/NJ/Fort-Lee/2077-Center-Ave-07024/unit-12G/home/139558744,NJMLS,20015475,N,Y,40.8545254,-73.9714784
MLS Listing,,Single Family Residential,1065 Edgewood Ln,Fort Lee,NJ,07024,769000,5,4.0,Fort Lee,,5149,,123,,,Active,,,http://www.redfin.com/NJ/Fort-Lee/1065-Edgewood-Ln-07024/home/35733719,NJMLS,20015313,N,Y,40.834985,-73.9827045
MLS Listing,,Condo/Co-op,6 Horizon Rd #2609,Fort Lee,NJ,07024,138000,2,2.0,Fort Lee,1474,,,125,94,,Active,,,http://www.redfin.com/NJ/Fort-Lee/6-Horizon-Rd-07024/unit-2609/home/146488688,NJMLS,20015206,N,Y,40.8407802,-73.9731773
MLS Listing,,Condo/Co-op,6 Horizon Rd Unit 2901.,Fort Lee,NJ,07024,235000,3,2.5,Fort Lee,2125,,,126,111,,Active,,,http://www.redfin.com/NJ/Fort-Lee/6-Horizon-Rd-07024/unit-2901/home/145130949,NJMLS,20015183,N,Y,40.8407802,-73.9731773
MLS Listing,,Condo/Co-op,132 Myrtle Ave #14,Fort Lee,NJ,07024,379000,2,1.0,Fort Lee,,,,127,,,Active,,,http://www.redfin.com/NJ/Fort-Lee/132-Myrtle-Ave-07024/unit-14/home/35739002,NJMLS,20014916,N,Y,40.8613474,-73.9605467
MLS Listing,,Condo/Co-op,2077 CENTER Ave Unit 7C,Fort Lee Boro,NJ,07024,195000,1,1.0,Fort Lee Boro,827,76230,1970,129,236,568,Active,,,http://www.redfin.com/NJ/Fort-Lee/2077-Center-Ave-07024/unit-7C/home/160667147,GSMLS,3629535,N,Y,40.8545254,-73.9714784
MLS Listing,,Condo/Co-op,1241 Anderson Ave #17,Fort Lee,NJ,07024,130000,1,1.0,Fort Lee,475,,,135,274,,Active,,,http://www.redfin.com/NJ/Fort-Lee/1241-Anderson-Ave-07024/unit-17/home/171396038,NJMLS,20014252,N,Y,40.840384,-73.981373
MLS Listing,,Townhouse,100 Old Palisade Rd Unit PL11,Fort Lee,NJ,07024,679000,3,3.0,Fort Lee,,,,136,,,Active,,,http://www.redfin.com/NJ/Fort-Lee/100-Old-Palisade-Rd-07024/unit-PL11/home/35667638,NJMLS,20014171,N,Y,40.8474438,-73.9669568
MLS Listing,,Single Family Residential,133 Bridle Way,Fort Lee,NJ,07024,1995000,4,4.5,Fort Lee,,12558,,142,,,Active,,,http://www.redfin.com/NJ/Fort-Lee/133-Bridle-Way-07024/home/35734450,NJMLS,20013707,N,Y,40.8350995,-73.9806613
MLS Listing,,Condo/Co-op,100 Old Palisade Rd #1609,Fort Lee,NJ,07024,449000,1,1.5,Fort Lee,,,,148,,,Active,,,http://www.redfin.com/NJ/Fort-Lee/100-Old-Palisade-Rd-07024/unit-1609/home/35667877,NJMLS,20013374,N,Y,40.8481257,-73.9659304
MLS Listing,,Condo/Co-op,2150 Center Ave Unit 12D,Fort Lee,NJ,07024,219000,1,1.5,Fort Lee,1200,,,159,183,,Active,,,http://www.redfin.com/NJ/Fort-Lee/2150-Center-Ave-07024/unit-12D/home/171223581,NJMLS,20012602,N,Y,40.8562082,-73.968953
MLS Listing,,Condo/Co-op,900 Palisade Ave #2402,Fort Lee,NJ,07024,575000,2,1.5,Fort Lee,1680,,,165,342,,Active,,,http://www.redfin.com/NJ/Fort-Lee/900-Palisade-Ave-07024/unit-2402/home/35901120,NJMLS,20012186,N,Y,40.8302361,-73.9789667
MLS Listing,,Condo/Co-op,3 Horizon Rd #1026,Fort Lee,NJ,07024,149999,1,1.0,Fort Lee,843,,,168,178,,Active,,,http://www.redfin.com/NJ/Fort-Lee/3-Horizon-Rd-07024/unit-1026/home/171167449,NJMLS,20012039,N,Y,40.8417607,-73.972213
MLS Listing,,Condo/Co-op,1530 Palisade Ave Unit 18P,Fort Lee,NJ,07024,447000,2,1.5,Fort Lee,1300,,,169,344,,Active,,,http://www.redfin.com/NJ/Fort-Lee/1530-Palisade-Ave-07024/unit-18P/home/171157243,NJMLS,20011915,N,Y,40.8469437,-73.9688571
MLS Listing,,Condo/Co-op,229 Washington Ave #9,Fort Lee,NJ,07024,239900,1,1.0,Fort Lee,,,,169,,,Active,,,http://www.redfin.com/NJ/Fort-Lee/229-Washington-Ave-07024/unit-9/home/35739215,NJMLS,20011823,N,Y,40.865199,-73.9628462
MLS Listing,,Condo/Co-op,200 Old Palisade Rd Unit 1B,Fort Lee,NJ,07024,498000,2,2.0,Fort Lee,,,,175,,,Active,,,http://www.redfin.com/NJ/Fort-Lee/200-Old-Palisade-Rd-07024/unit-1B/home/35661997,NJMLS,20011095,N,Y,40.8481849,-73.9675296
MLS Listing,,Condo/Co-op,200 Old Palisade Rd Unit 17D,Fort Lee,NJ,07024,400000,1,1.5,Fort Lee,,,,176,,,Active,,,http://www.redfin.com/NJ/Fort-Lee/200-Old-Palisade-Rd-07024/unit-17D/home/35661803,NJMLS,20010955,N,Y,40.8481849,-73.9675296
MLS Listing,,Condo/Co-op,555 North Ave Unit 26M,Fort Lee,NJ,07024,199000,2,2.0,Fort Lee,975,,,177,204,,Active,,,http://www.redfin.com/NJ/Fort-Lee/555-North-Ave-07024/unit-26M/home/171060705,NJMLS,20010855,N,Y,40.8539526,-73.9823601
MLS Listing,,Condo/Co-op,2150 Center Ave Unit 12B,Fort Lee,NJ,07024,265000,2,2.5,Fort Lee,1425,,,177,186,,Active,,,http://www.redfin.com/NJ/Fort-Lee/2150-Center-Ave-07024/unit-12B/home/171053643,NJMLS,20010654,N,Y,40.8562082,-73.968953
MLS Listing,,Multi-Family (2-4 Unit),1079 Palisade Ave,Fort Lee,NJ,07024,1500000,2,2.0,Fort Lee,,,,179,,,Active,,,http://www.redfin.com/NJ/Fort-Lee/1079-Palisade-Ave-07024/home/35734527,NJMLS,20010283,N,Y,40.8343631,-73.978733
MLS Listing,,Condo/Co-op,1545 12th St,Fort Lee,NJ,07024,819000,3,3.0,Fort Lee,,,,179,,,Active,,,http://www.redfin.com/NJ/Fort-Lee/1545-12th-St-07024/home/144017860,NJMLS,20010225,N,Y,40.851251,-73.9788142
MLS Listing,,Condo/Co-op,2200 N Central Rd Unit 10 H,Fort Lee,NJ,07024,269000,2,2.0,Fort Lee,1550,,,182,174,,Active,,,http://www.redfin.com/NJ/Fort-Lee/2200-N-Central-Rd-07024/unit-10-H/home/171026923,NJMLS,20009933,N,Y,40.8575931,-73.9629134
MLS Listing,,Condo/Co-op,1265 15th St Unit 5A,Fort Lee,NJ,07024,495000,2,2.0,Fort Lee,1780,,,186,278,,Active,,,http://www.redfin.com/NJ/Fort-Lee/1265-15th-St-07024/unit-5A/home/35735084,NJMLS,20009149,N,Y,40.8431472,-73.9835998
MLS Listing,,Condo/Co-op,800 Palisade Ave #205,Fort Lee,NJ,07024,455000,2,2.5,Fort Lee,1805,,,187,252,,Active,,,http://www.redfin.com/NJ/Fort-Lee/800-Palisade-Ave-07024/unit-205/home/35733957,NJMLS,20008905,N,Y,40.8297002,-73.979369
MLS Listing,,Condo/Co-op,1018 Palisade Ave Ph 14,Fort Lee,NJ,07024,499000,3,2.0,Fort Lee,1849,,,187,270,,Active,,,http://www.redfin.com/NJ/Fort-Lee/1018-Palisade-Ave-07024/unit-14/home/35733921,NJMLS,20008868,N,Y,40.831292,-73.9785817
MLS Listing,,Condo/Co-op,1512 Palisade Ave Unit 12B,Fort Lee,NJ,07024,999000,2,2.5,Fort Lee,2000,,,189,500,,Active,,,http://www.redfin.com/NJ/Fort-Lee/1512-Palisade-Ave-07024/unit-12B/home/35736100,NJMLS,20008715,N,Y,40.8457311,-73.970055
MLS Listing,,Condo/Co-op,100 Old Palisade Rd #1704,Fort Lee,NJ,07024,400000,1,1.5,Fort Lee,,,,189,,,Active,,,http://www.redfin.com/NJ/Fort-Lee/100-Old-Palisade-Rd-07024/unit-1704/home/35667759,NJMLS,20008678,N,Y,40.8480997,-73.9658272
MLS Listing,,Condo/Co-op,501 Linwood Dr Unit 3-E,Fort Lee,NJ,07024,129900,1,1.0,Fort Lee,,,,190,,,Active,,,http://www.redfin.com/NJ/Fort-Lee/501-Linwood-Dr-07024/unit-3-E/home/170676345,NJMLS,20008486,N,Y,40.8627284,-73.9713391
MLS Listing,,Condo/Co-op,2150 Center Ave Unit 18D,Fort Lee,NJ,07024,185000,1,1.5,Fort Lee,1200,,,192,154,,Active,,,http://www.redfin.com/NJ/Fort-Lee/2150-Center-Ave-07024/unit-18D/home/170664942,NJMLS,20008069,N,Y,40.8562082,-73.968953
MLS Listing,,Condo/Co-op,2100 Linwood Ave Unit 6B,Fort Lee,NJ,07024,225000,2,2.0,Fort Lee,,,,196,,,Active,,,http://www.redfin.com/NJ/Fort-Lee/2100-Linwood-Ave-07024/unit-6B/home/170620320,NJMLS,20007630,N,Y,40.8551704,-73.972764
MLS Listing,,Condo/Co-op,4 Horizon Rd Ph 2,Fort Lee,NJ,07024,349000,2,3.5,Fort Lee,4400,,,200,79,,Active,,,http://www.redfin.com/NJ/Fort-Lee/4-Horizon-Rd-07024/unit-2/home/145604446,NJMLS,20006902,N,Y,40.8429285,-73.9717539
MLS Listing,,Condo/Co-op,100 Old Palisade Rd #1601,Fort Lee,NJ,07024,290000,1,1.0,Fort Lee,,,,200,,,Active,,,http://www.redfin.com/NJ/Fort-Lee/100-Old-Palisade-Rd-07024/unit-1601/home/35667869,NJMLS,20006805,N,Y,40.8481258,-73.9660423
MLS Listing,,Single Family Residential,1138 Palisade Ave,Fort Lee,NJ,07024,1148000,6,5.0,Fort Lee,,11252,,203,,,Active,,,http://www.redfin.com/NJ/Fort-Lee/1138-Palisade-Ave-07024/home/35734749,NJMLS,20006543,N,Y,40.8360796,-73.9779295
MLS Listing,,Single Family Residential,1068 Dearborn Rd,Fort Lee,NJ,07024,1650000,5,6.0,Fort Lee,,9601,,204,,,Active,,,http://www.redfin.com/NJ/Fort-Lee/1068-Dearborn-Rd-07024/home/35734518,NJMLS,20006297,N,Y,40.8340684,-73.980349
MLS Listing,,Condo/Co-op,100 Old Palisade Rd #1713,Fort Lee,NJ,07024,290000,1,1.0,Fort Lee,797,,,207,364,,Active,,,http://www.redfin.com/NJ/Fort-Lee/100-Old-Palisade-Rd-07024/unit-1713/home/35667768,NJMLS,20005793,N,Y,40.8480908,-73.9657179
MLS Listing,,Condo/Co-op,1600 Parker Ave Unit 12G,Fort Lee,NJ,07024,530000,3,2.5,Fort Lee,1996,,,207,266,,Active,,,http://www.redfin.com/NJ/Fort-Lee/1600-Parker-Ave-07024/unit-12G/home/167959424,NJMLS,20005663,N,Y,40.8478531,-73.9684479
MLS Listing,,Condo/Co-op,2000 Linwood Ave Unit 23S,Fort Lee,NJ,07024,389000,2,2.0,Fort Lee,,,,210,,,Active,,,http://www.redfin.com/NJ/Fort-Lee/2000-Linwood-Ave-07024/unit-23S/home/144018419,NJMLS,20005361,N,Y,40.8539851,-73.9739119
MLS Listing,,Condo/Co-op,100 Old Palisade Rd #3214,Fort Lee,NJ,07024,348888,1,1.0,Fort Lee,,,,211,,,Active,,,http://www.redfin.com/NJ/Fort-Lee/100-Old-Palisade-Rd-07024/unit-3214/home/35667622,NJMLS,20005208,N,Y,40.8481661,-73.9655186
MLS Listing,,Condo/Co-op,5 Horizon Rd #1802,Fort Lee,NJ,07024,250000,3,2.5,Fort Lee,2100,,,214,119,,Active,,,http://www.redfin.com/NJ/Fort-Lee/5-Horizon-Rd-07024/unit-1802/home/170490738,NJMLS,20004676,N,Y,40.8398874,-73.9731314
MLS Listing,,Single Family Residential,1041 Arcadian Way,Fort Lee,NJ,07024,1799000,5,4.5,Fort Lee,,12001,,214,,,Active,,,http://www.redfin.com/NJ/Fort-Lee/1041-Arcadian-Way-07024/home/35734479,NJMLS,20004621,N,Y,40.8318493,-73.9762564
MLS Listing,,Single Family Residential,1166 Briar Way,Fort Lee,NJ,07024,1795000,5,6.5,Fort Lee,,7575,,214,,,Active,,,http://www.redfin.com/NJ/Fort-Lee/1166-Briar-Way-07024/home/35734785,NJMLS,20004483,N,Y,40.8366042,-73.9767838
MLS Listing,,Condo/Co-op,5 Horizon Rd #1908,Fort Lee,NJ,07024,85000,1,1.0,Fort Lee,1317,,,215,65,,Active,,,http://www.redfin.com/NJ/Fort-Lee/5-Horizon-Rd-07024/unit-1908/home/170485337,NJMLS,20004431,N,Y,40.8398874,-73.9731314
MLS Listing,,Condo/Co-op,100 Old Palisade Rd #0607,Fort Lee,NJ,07024,463000,2,2.0,Fort Lee,,,,216,,,Active,,,http://www.redfin.com/NJ/Fort-Lee/100-Old-Palisade-Rd-07024/unit-607/home/35667176,NJMLS,20004407,N,Y,40.8482003,-73.9664621
MLS Listing,,Condo/Co-op,100 Old Palisade Rd #2607,Fort Lee,NJ,07024,559000,2,2.5,Fort Lee,1366,,,217,409,,Active,,,http://www.redfin.com/NJ/Fort-Lee/100-Old-Palisade-Rd-07024/unit-2607/home/35667911,NJMLS,20004219,N,Y,40.8480814,-73.9660461
MLS Listing,,Condo/Co-op,2348 Linwood Ave Unit 2L,Fort Lee,NJ,07024,299000,1,1.0,Fort Lee,850,,,221,352,,Active,,,http://www.redfin.com/NJ/Fort-Lee/2348-Linwood-Ave-07024/unit-2L/home/35738918,NJMLS,20003656,N,Y,40.862175,-73.966189
MLS Listing,,Condo/Co-op,555 North Ave Unit 26-S,Fort Lee,NJ,07024,284900,3,2.0,Fort Lee,1425,,,221,200,,Active,,,http://www.redfin.com/NJ/Fort-Lee/555-North-Ave-07024/unit-26-S/home/145269526,NJMLS,20003515,N,Y,40.8539526,-73.9823601
MLS Listing,,Condo/Co-op,1512 Palisade Ave Unit J + K,Fort Lee,NJ,07024,1950000,3,4.5,Fort Lee,4438,,,224,439,,Active,,,http://www.redfin.com/NJ/Fort-Lee/1512-Palisade-Ave-07024/unit-J-K/home/170433026,NJMLS,20003326,N,Y,40.8457311,-73.970055
MLS Listing,,Condo/Co-op,1500 Palisade Ave Unit 25F,Fort Lee,NJ,07024,598000,2,2.5,Fort Lee,,,,227,,,Active,,,http://www.redfin.com/NJ/Fort-Lee/1500-Palisade-Ave-07024/unit-25F/home/168627038,NJMLS,20002712,N,Y,40.8449251,-73.9714325
MLS Listing,,Condo/Co-op,4 Horizon Rd #1432,Fort Lee,NJ,07024,245000,2,2.0,Fort Lee,,,,234,,,Active,,,http://www.redfin.com/NJ/Fort-Lee/4-Horizon-Rd-07024/unit-1432/home/170279902,NJMLS,20001694,N,Y,40.8429285,-73.9717539
MLS Listing,,Condo/Co-op,555 North Ave Unit 10H,Fort Lee,NJ,07024,219000,2,2.0,Fort Lee,1075,,,244,204,,Active,,,http://www.redfin.com/NJ/Fort-Lee/555-North-Ave-07024/unit-10H/home/170213460,NJMLS,20000524,N,Y,40.8539526,-73.9823601
MLS Listing,,Condo/Co-op,4 Horizon Rd #1206,Fort Lee,NJ,07024,95000,1,1.0,Fort Lee,845,,,247,112,,Active,,,http://www.redfin.com/NJ/Fort-Lee/4-Horizon-Rd-07024/unit-1206/home/103625499,NJMLS,20000050,N,Y,40.8429285,-73.9717539
MLS Listing,,Condo/Co-op,2000 Linwood Ave Unit 22K,Fort Lee,NJ,07024,429000,2,2.0,Fort Lee,1290,,,247,333,,Active,,,http://www.redfin.com/NJ/Fort-Lee/2000-Linwood-Ave-07024/unit-22K/home/100383860,NJMLS,20000044,N,Y,40.8539851,-73.9739119
MLS Listing,,Condo/Co-op,2000 Linwood Ave Unit 14 A,Fort Lee,NJ,07024,369000,2,2.0,Fort Lee,,,,258,,,Active,,,http://www.redfin.com/NJ/Fort-Lee/2000-Linwood-Ave-07024/unit-14A/home/92912115,NJMLS,1955289,N,Y,40.8539851,-73.9739119
MLS Listing,,Single Family Residential,1040 Arcadian Way,Fort Lee,NJ,07024,7000000,5,7.0,Fort Lee,,33705,,260,,,Active,,,http://www.redfin.com/NJ/Fort-Lee/1040-Arcadian-Way-07024/home/35661917,NJMLS,1955123,N,Y,40.8313197,-73.9752079
MLS Listing,,Condo/Co-op,499 Catherine St Unit B,Fort Lee,NJ,07024,639888,3,3.5,Fort Lee,,,,275,,,Active,,,http://www.redfin.com/NJ/Fort-Lee/499-Catherine-St-07024/unit-B/home/144017858,NJMLS,1953648,N,Y,40.8548409,-73.9789855
MLS Listing,,Condo/Co-op,100 Old Palisade Rd #1112,Fort Lee,NJ,07024,349000,1,1.0,Fort Lee,,,,283,,,Active,,,http://www.redfin.com/NJ/Fort-Lee/100-Old-Palisade-Rd-07024/unit-1112/home/35667827,NJMLS,1952880,N,Y,40.8482035,-73.9655552
MLS Listing,,Condo/Co-op,2100 Linwood Ave Unit 23R,Fort Lee,NJ,07024,159000,1,1.0,Fort Lee,,,,295,,,Active,,,http://www.redfin.com/NJ/Fort-Lee/2100-Linwood-Ave-07024/unit-23-R/home/87925479,NJMLS,1951522,N,Y,40.8551704,-73.972764
MLS Listing,,Condo/Co-op,800 Palisade Ave Unit 22E,Fort Lee,NJ,07024,1300000,3,2.5,Fort Lee,2326,,,296,559,,Active,,,http://www.redfin.com/NJ/Fort-Lee/800-Palisade-Ave-07024/unit-22E/home/35733852,NJMLS,1951436,N,Y,40.8297882,-73.9792678
MLS Listing,,Condo/Co-op,6 Horizon Rd #509,Fort Lee,NJ,07024,110000,1,1.0,Fort Lee,,,,298,,,Active,,,http://www.redfin.com/NJ/Fort-Lee/6-Horizon-Rd-07024/unit-509/home/169775568,NJMLS,1951109,N,Y,40.8407802,-73.9731773
MLS Listing,,Single Family Residential,2165 Jones Rd,Fort Lee,NJ,07024,805000,4,3.5,Fort Lee,,7601,,305,,,Active,,,http://www.redfin.com/NJ/Fort-Lee/2165-Jones-Rd-07024/home/35738079,NJMLS,1950227,N,Y,40.8621395,-73.9770571
MLS Listing,,Condo/Co-op,2100 Linwood Ave Unit 12V,Fort Lee,NJ,07024,365000,3,2.0,Fort Lee,,,,308,,,Active,,,http://www.redfin.com/NJ/Fort-Lee/2100-Linwood-Ave-07024/unit-12V/home/169633602,NJMLS,1949887,N,Y,40.8551704,-73.972764
MLS Listing,,Condo/Co-op,1018 Palisade Ave #2,Fort Lee,NJ,07024,598000,3,3.0,Fort Lee,2209,,,309,271,,Active,,,http://www.redfin.com/NJ/Fort-Lee/1018-Palisade-Ave-07024/unit-2/home/35733931,NJMLS,1949746,N,Y,40.831281,-73.9781713
MLS Listing,,Single Family Residential,224 Dorincourt Rd,Fort Lee,NJ,07024,1800000,7,5.5,Fort Lee,,9749,,316,,,Active,,,http://www.redfin.com/NJ/Fort-Lee/224-Dorincourt-Rd-07024/home/35734432,NJMLS,1948794,N,Y,40.8356628,-73.9797431
MLS Listing,,Single Family Residential,70 Mcelroy Ave,Fort Lee,NJ,07024,1249000,6,5.0,Fort Lee,,6500,,337,,,Active,,,http://www.redfin.com/NJ/Fort-Lee/70-McElroy-Ave-07024/home/35735265,NJMLS,1945929,N,Y,40.8386129,-73.9762306
MLS Listing,,Condo/Co-op,1600 Parker Ave Unit 31G,Fort Lee,NJ,07024,523000,3,2.5,Fort Lee,,,,337,,,Active,,,http://www.redfin.com/NJ/Fort-Lee/1600-Parker-Ave-07024/unit-31G/home/169265842,NJMLS,1945840,N,Y,40.8478531,-73.9684479
MLS Listing,,Single Family Residential,76 Euclid Rd,Fort Lee,NJ,07024,1550000,4,4.5,Fort Lee,,12075,,339,,,Active,,,http://www.redfin.com/NJ/Fort-Lee/76-Euclid-Rd-07024/home/35734772,NJMLS,1945469,N,Y,40.8370323,-73.9774474
MLS Listing,,Condo/Co-op,1563 Center Ave Unit gc,Fort Lee,NJ,07024,225000,2,1.0,Fort Lee,,,,367,,,Active,,,http://www.redfin.com/NJ/Fort-Lee/1563-Center-Ave-07024/unit-gc/home/168863895,NJMLS,1940716,N,Y,40.8496722,-73.9750523
MLS Listing,,Condo/Co-op,900 PALISADE AVE 2304,Fort Lee Boro,NJ,07024-4100,545000,2,2.5,Royal Buckingham,,85377,1990,371,,,Active,,,http://www.redfin.com/NJ/Fort-Lee/900-Palisade-Ave-07024/unit-2304/home/35734305,GSMLS,3583718,N,Y,40.8303406,-73.978872
MLS Listing,,Condo/Co-op,2100 Linwood Ave Unit 3-X,Fort Lee,NJ,07024,149000,1,1.0,Fort Lee,,,,379,,,Active,,,http://www.redfin.com/NJ/Fort-Lee/2100-Linwood-Ave-07024/unit-3-X/home/168700208,NJMLS,1939417,N,Y,40.8551704,-73.972764
MLS Listing,,Condo/Co-op,5 Horizon Rd Unit 206-207,Fort Lee,NJ,07024,89000,2,2.0,Fort Lee,,,,414,,,Active,,,http://www.redfin.com/NJ/Fort-Lee/5-Horizon-Rd-07024/unit-206-207/home/113430912,NJMLS,1934157,N,Y,40.8398874,-73.9731314
MLS Listing,,Condo/Co-op,200 Old Palisade Rd Unit TH2,Fort Lee,NJ,07024,648000,2,2.0,Fort Lee,,,,536,,,Active,,,http://www.redfin.com/NJ/Fort-Lee/200-Old-Palisade-Rd-07024/unit-TH2/home/35662413,NJMLS,1910964,N,Y,40.8482449,-73.9672111
MLS Listing,,Condo/Co-op,1600 Parker Ave Unit 7/8F,Fort Lee,NJ,07024,495000,3,2.5,Fort Lee,2340,,,577,212,,Active,,,http://www.redfin.com/NJ/Fort-Lee/1600-Parker-Ave-07024/unit-7-8F/home/160392299,NJMLS,1904663,N,Y,40.8478531,-73.9684479
MLS Listing,,Condo/Co-op,1512 Palisade Ave Unit 19K,Fort Lee,NJ,07024,875000,2,2.5,Fort Lee,1638,,,816,534,,Active,,,http://www.redfin.com/NJ/Fort-Lee/1512-Palisade-Ave-07024/unit-19K/home/35901797,NJMLS,1824263,N,Y,40.8457311,-73.970055
MLS Listing,,Single Family Residential,1 State Rt 5,Fort Lee,NJ,07024,2925000,6,6.5,Fort Lee,,9874,,889,,,Active,,,http://www.redfin.com/NJ/Fort-Lee/1-NJ-5-07024/home/105446228,NJMLS,1811739,N,Y,40.8298601,-73.976198
